Id,Prediction
1,0.522109992309575
2,0.107458875967681
3,0.212667004155797
4,0.00443319050832691
5,-0.0317768092797562
6,0.0565170053371903
7,-0.0667443031821137
8,0.00540247162028495
9,1.029574727007
10,0.549219910968725
11,0.0886126353388203
12,0.0406397701421001
13,0.062542158400716
14,0.906505691693215
15,0.0694834531966585
16,1.04594292376233
17,0.11375304738755
18,0.0210856945268175
19,0.0417277304334491
20,0.0417312453081784
21,0.706243150673172
22,0.598941018537835
23,0.111723026105052
24,1.09660992194482
25,0.0396274547837542
26,0.0199578584272656
27,0.0428615153406242
28,0.0341552603369619
29,0.382819297951273
30,0.04649566748312
31,0.0455714032103334
32,0.0306699562916884
33,-0.0223448181766716
34,-0.168165688259676
35,1.20768261501106
36,0.903774189747716
37,0.733147770442061
38,0.0246481847385585
39,0.0355142835142757
40,0.48381420101753
41,0.083706342021194
42,0.432783990659874
43,0.98401438326913
44,0.336446312534186
45,0.935858554899187
46,0.057799544311362
47,-0.042634276239557
48,0.59921501439667
49,0.0130931463169321
50,0.0249575659662795
51,0.0499112923755498
52,0.0360862368984066
53,-0.105185255200588
54,0.284191329742269
55,0.0423472828618831
56,0.809458118196688
57,0.252437215110311
58,0.490262024998708
59,0.591755518869559
60,0.106431812693188
61,0.829659669387876
62,0.559816717680207
63,0.946377517460873
64,1.13748325237846
65,0.110053495192023
66,0.0880133127914222
67,0.0756884737123372
68,0.0259995083051859
69,0.0124897463950973
70,0.0395781816191781
71,0.0479175332147562
72,0.0358562004402356
73,0.0406881721176418
74,-0.0416967837161099
75,0.563326884674471
76,0.0714744746055871
77,0.0337613147987066
78,0.531005474890964
79,-0.0149411337380228
80,0.0629168898701961
81,0.0907631496093281
82,0.135779399405655
83,0.830927198519757
84,0.0211381955929191
85,0.0483559188958098
86,0.485339006129902
87,0.228857982971579
88,-0.0127612841946231
89,0.28833584030653
90,0.0137789172481115
91,-0.00219979191066089
92,1.0831628868451
93,0.767935060261402
94,0.0815003626625468
95,0.168905284614133
96,0.622795961661532
97,0.580186055749138
98,0.0572970048778331
99,-0.0115661422015869
100,0.677535127841328
101,0.155076544703021
102,0.811877401385279
103,0.225315881031778
104,1.0374133186824
105,0.138628922579443
106,1.00164748298746
107,0.0558164269299351
108,0.105596034171296
109,0.0367966445049845
110,0.00877391778708597
111,0.0474498148495166
112,1.00378914148885
113,0.0153311744848097
114,0.030331155742659
115,0.336576989533543
116,0.0762730875010709
117,0.039061638041215
118,0.573198434522693
119,-0.0169885754695809
120,1.04611480924339
121,0.0191838093147069
122,0.021833699905935
123,0.0300669901507244
124,0.0405079375709722
125,0.817188169887787
126,0.20488499081989
127,0.0280465757665861
128,0.0418076983409096
129,0.800740801459384
130,0.0821123196319021
131,0.0498907391214759
132,0.014618958495752
133,0.254016955300166
134,0.0389346442350728
135,0.0484857606874107
136,0.0112090526173271
137,0.0143374778997237
138,1.01374646430368
139,0.069049964655149
140,0.3929131529567
141,0.473888501324559
142,0.301662352272215
143,0.189883984077176
144,-0.0158006431653551
145,0.596267300013872
146,0.0426416543792019
147,-0.00571089433449989
148,0.0927992689236093
149,0.230845695068097
150,0.00356650938830677
151,0.00631435379136569
152,0.066810409865372
153,0.421057927861648
154,0.0535143417467715
155,0.0443381971223551
156,0.0462372861721813
157,0.0115870901301792
158,0.363939609143171
159,0.0385384758013714
160,0.0852892622184846
161,0.0518150789766253
162,0.0583088571629039
163,0.893337733044882
164,0.0122511053010099
165,0.302691727315563
166,0.683836371827392
167,0.0389752063452736
168,0.0585007797778967
169,0.702823741222474
170,0.045648948962042
171,0.0359044530716344
172,0.0305666483834225
173,0.0338307738300387
174,0.175917311944072
175,0.109296678087979
176,0.978608794357968
177,-0.00470103072321598
178,0.0746539379136843
179,-0.00102798247480379
180,0.139218379770459
181,0.0172538016425509
182,1.02531557605809
183,0.837012610199057
184,0.264523827988122
185,-0.0581974740903816
186,0.0765303337548082
187,0.219649552222321
188,0.0539300542302113
189,0.0529892948781231
190,0.00301223045263038
191,0.078176296249703
192,0.649051858353346
193,0.0491739526920864
194,0.142651777272457
195,0.0266148769292829
196,0.0293362523519465
197,0.255618569935826
198,0.0447321685940911
199,1.05185338610995
200,0.0458752528358637
201,0.0492273824973436
202,0.434126468234855
203,0.0387083484569365
204,0.676928637263509
205,0.0254487397162832
206,0.0335063382314728
207,0.861136835165572
208,0.293329959338957
209,-0.00163402637985405
210,0.0427947549408303
211,0.520384893294939
212,-0.0169067751369671
213,0.0410470153547355
214,0.0323033018487689
215,0.0247192453110417
216,0.630895619629397
217,0.434461476835926
218,0.84026117076734
219,0.797349519063453
220,0.0490461746828471
221,0.0026028124883003
222,0.0493789686819824
223,0.0159949455440232
224,0.277981099749739
225,0.715596519330619
226,-0.00124655946543262
227,1.12556885023812
228,0.801079188479612
229,0.821505622226114
230,0.0144359373897302
231,0.0474498148495166
232,-0.0109254050095496
233,0.0342086141213093
234,0.59386622286544
235,0.275304714396332
236,0.562325331028479
237,0.0133606063396247
238,0.00993397691909204
239,0.0396256751604843
240,-0.0427214396303551
241,0.0257917525707509
242,0.151897901684725
243,-0.0493402349962607
244,1.17526001002106
245,0.18607134732528
246,0.769001647746969
247,0.250987189157161
248,1.09132567312473
249,0.995729354356949
250,0.201103795048323
251,0.0767693559587056
252,0.137776610542822
253,0.04520628548429
254,0.702788396932297
255,0.887422999806087
256,-0.0144148823335062
257,0.029188200662925
258,0.082316362199064
259,0.290541234205919
260,0.927184968438726
261,0.230320351511432
262,-0.00317854121050115
263,0.0349602135254731
264,-0.000382896958474044
265,-0.0173577222521608
266,0.794152097338628
267,0.0357872822811679
268,0.0605021830446008
269,0.0924680524230163
270,0.0432888165490156
271,0.10958657206802
272,0.0372072870285178
273,0.674317545366822
274,0.90585233347419
275,0.155597434428096
276,0.0562689308010475
277,0.00341078196749661
278,0.0849359404982205
279,0.0323542417717799
280,0.127433849106987
281,0.0297725590218085
282,0.0321938695031266
283,0.298853655142797
284,0.0193845396177253
285,0.0480983005496283
286,0.0745022170908153
287,0.499670455188998
288,0.353652900846102
289,-0.00434534269898507
290,0.0232912158252452
291,0.00717202698230079
292,-0.00217289539680249
293,0.976351854392251
294,0.150156240962376
295,0.0198573385924016
296,-0.0315347214438828
297,0.169428465750681
298,0.0490948412699315
299,0.202855198538253
300,0.00397100264422257
301,0.326250473950868
302,1.13536858439267
303,0.951469512129055
304,0.0826915345093751
305,0.969163236066467
306,0.0533781654176943
307,0.059796045082705
308,0.273899406292909
309,1.03585888875611
310,0.0173731030944916
311,0.428632590688099
312,0.0252847482951881
313,0.0302441673211117
314,0.00262792882256402
315,0.0877912896602283
316,0.0495372388870223
317,0.0598878684549906
318,-0.0229286259681032
319,0.0575549306790841
320,0.0194750703085452
321,1.01136522750429
322,0.411194098678967
323,0.0312562282339757
324,0.604171591155609
325,0.0445016796540114
326,0.0987509252581575
327,0.0370713717666086
328,0.058645950792201
329,-0.0107146442070067
330,0.57722637869392
331,0.0952285903188379
332,0.409865153700309
333,0.915256690289587
334,-0.00639026183141622
335,0.0405378401998619
336,0.0358813807000524
337,0.0640357971009162
338,-0.00839823307498677
339,1.01466209118408
340,0.900186760962752
341,-0.0515040669829475
342,-0.0397119883221943
343,-0.061851654869275
344,0.0368105564249291
345,0.0849420057658105
346,0.0592905598515785
347,0.0338791026396049
348,0.0268797168893902
349,1.18461770439784
350,0.932748197695495
351,0.0219001478271904
352,0.0418459606220543
353,0.0552728096470793
354,0.0161295670353785
355,0.497328439292209
356,0.831160845477845
357,0.00914121601275347
358,0.0315855116863856
359,0.00794990759514014
360,0.02665813472729
361,1.04000993853486
362,0.0322746240632043
363,0.405471987967505
364,0.0150225158491379
365,0.175224714553849
366,0.0354892214933782
367,0.0390432820718419
368,0.0508592008232612
369,0.421180492591138
370,0.0396583871426171
371,-0.0146056671131329
372,-0.0211027147148248
373,0.051961800234467
374,-0.00845568832257942
375,0.0258445260599607
376,1.00630533160258
377,0.0878421281310149
378,0.338616565933378
379,0.00393452039859238
380,0.21229851445262
381,0.0327535360037072
382,0.88968307825182
383,0.0332991542480837
384,0.210038925048204
385,0.265192659074402
386,0.0372287788301436
387,0.0232621701954391
388,0.321940689761153
389,0.0320792141839738
390,0.0575709751537618
391,0.464093254973257
392,0.867163174115414
393,0.939283091067684
394,-0.00915812580553543
395,-0.00315471188233629
396,0.0656775112204177
397,0.865795318431327
398,0.0100026143632827
399,0.0485280150588257
400,0.296452861732979
401,0.922773189444297
402,0.545818726331485
403,0.0814548313094367
404,0.0494381356941409
405,0.0628509316026453
406,-0.015987447804176
407,-0.00057064447442623
408,-0.0392316225152005
409,1.05110088411747
410,0.0390252078305211
411,0.655138311394066
412,0.0690026728771462
413,0.699935500788042
414,0.0956800144895477
415,0.431022106134646
416,0.190212381993029
417,0.995680168301794
418,0.0281658643423531
419,0.0548784279969993
420,0.0247626609253608
421,0.894431797616818
422,0.80257727711998
423,0.0509131643286805
424,-0.0138840587585672
425,0.0854807047282776
426,0.322788475986578
427,0.0478100574551865
428,0.313252545360343
429,0.126624782611522
430,0.0208907006657845
431,0.402090781450631
432,0.367670161348993
433,0.0401842987033043
434,0.0272987821844466
435,0.798121741799145
436,0.941725022257099
437,0.0805136379205913
438,1.01877038062871
439,0.0285368965777935
440,0.0178984546959029
441,0.0533756135503556
442,0.17343240252351
443,-0.0215667606873629
444,0.246224850780251
445,-0.0358190711332072
446,0.0306060342696057
447,0.0359960044415246
448,0.410810008837971
449,0.134769630337686
450,0.194584335890955
451,-0.036211469772409
452,-0.00456338114178984
453,-0.0634854907087188
454,0.233793417416445
455,0.527817369570469
456,0.0390530839283385
457,0.0437387931639489
458,-0.00314528487591004
459,0.0265092014378738
460,0.00508809491345502
461,-0.00396173526841548
462,-0.0263131653948615
463,0.616842153805288
464,0.531996339695304
465,0.0540461648670929
466,0.0302508158726669
467,0.0464140454757611
468,1.02221306631804
469,0.0338093461010133
470,0.165315008494994
471,0.0302019819118725
472,-0.0302273458665419
473,1.01930056709795
474,-0.00872137923800553
475,0.742160055047754
476,0.0535382052512329
477,0.305744228102897
478,0.805933330233132
479,0.78946756152557
480,0.045926469375135
481,0.104057871759068
482,0.0785555642416111
483,0.907562450983939
484,0.0113257094644998
485,0.906795688997385
486,0.668363583254152
487,0.476984057895675
488,0.00309381849518625
489,0.127191456922822
490,0.629863857566554
491,0.0119785996219995
492,-0.0246155742846436
493,0.90671694228396
494,0.0590920723376117
495,0.399481529899032
496,0.761206052740449
497,0.0317454639679657
498,0.0469449500015787
499,0.134968625026158
500,1.02227759623298
501,0.0359594975248019
502,0.130405030627864
503,0.024487492674781
504,-0.0290608674607906
505,0.0179359571480318
506,0.0338431482191064
507,0.073970006433365
508,0.950590987995375
509,-0.0697585829492781
510,0.321010338551852
511,1.11709410487036
512,0.0412225177347645
513,1.04585663392882
514,1.22850848880798
515,0.033510984565338
516,0.148619667340365
517,0.0755324253710836
518,0.963339251237715
519,0.0266492517472359
520,0.0241236398083675
521,0.334954540115996
522,0.039154648102377
523,0.0259802583423159
524,-0.0128206753650287
525,0.0193688002158786
526,0.701901176773405
527,-0.0614992558896193
528,0.954259819075476
529,0.520993445562119
530,0.346207440107456
531,0.126490239133493
532,0.0650952158952882
533,0.044746781529398
534,0.0126741512810798
535,0.633433888932777
536,0.0711040895425898
537,0.0462938176600911
538,0.0595180294008207
539,-0.0463999695866198
540,0.0779904092904836
541,-0.104686955466262
542,0.532568344381336
543,0.0239143822147997
544,1.05352162216781
545,-0.0279474245370681
546,0.96045774759783
547,0.0423770395964152
548,0.518973680445263
549,0.00296023514742921
550,0.0455699015878338
551,0.0252096185711946
552,0.0241163578005635
553,0.0438300379662077
554,0.0394357177849737
555,1.08173938558041
556,0.0372305026810731
557,0.048415830227348
558,-0.0720447814382107
559,0.334642940549455
560,0.906365359739148
561,0.65117347490884
562,0.0814476352653123
563,0.0471744501883943
564,0.0423178554317459
565,0.0546868633462622
566,0.0783961848569287
567,0.0185973373499628
568,0.0584236822127352
569,0.726886123350978
570,0.12990926854006
571,0.0371704891965072
572,-0.0598023989106691
573,0.0320462895138965
574,0.129242849906752
575,0.043396177086356
576,0.0448164704268911
577,0.0204774259181448
578,0.522588935171906
579,-0.009957461930722
580,0.852677073385866
581,0.0207176927452316
582,0.0552018813606253
583,0.934498359805865
584,0.304921575645216
585,0.180463591897675
586,0.573765667278176
587,-0.0372567130553735
588,0.0617813862110663
589,0.31719894056912
590,0.7649184809014
591,0.951076979408188
592,0.0283981486501457
593,0.919267182253446
594,0.00983151422326223
595,0.287390712644447
596,0.634433903496359
597,0.928354707809643
598,0.534144469315526
599,0.100508589291146
600,0.246856845218785
601,-0.0759811774854054
602,0.0260807376131938
603,0.044128521842796
604,0.0591460309067827
605,0.0447288769126036
606,0.0441132522260297
607,0.0622999193176827
608,0.0316950653320144
609,-0.0132851283164316
610,0.0397852535132537
611,0.891786733477829
612,0.0440696953402534
613,0.313438015726195
614,0.0190192216545552
615,0.938939889182358
616,0.0459223972828455
617,0.0505665877295434
618,0.410642348899086
619,0.172361772851766
620,0.999403607442011
621,0.324625660980666
622,0.00359016194373973
623,0.029541610735283
624,0.045989096122817
625,-0.0103302452412444
626,0.0726816661153298
627,0.248583961279956
628,0.0391774321427264
629,0.0286335899905493
630,0.230562242377202
631,0.0674913576251496
632,0.0420126569990232
633,0.00809636502397892
634,0.284825244454846
635,-0.0178243389954296
636,0.408091638147658
637,0.668223956670007
638,0.0521315084901369
639,0.160840967753597
640,0.95818424029781
641,0.94398547840638
642,0.0563159924191665
643,0.959394387404061
644,0.91541329112009
645,0.896271444217202
646,0.772484261877465
647,0.229616333474438
648,0.808543854745694
649,1.01047773191983
650,0.175172791528366
651,0.999934955709066
652,0.876036101944247
653,0.950883796445644
654,0.0304085123489329
655,0.028244294958959
656,0.112524935922554
657,0.94788599229684
658,0.407822276345015
659,0.0256708299070619
660,0.0474498148495166
661,1.0276427649969
662,0.0877174204350086
663,0.695402732738807
664,0.0459662481316899
665,0.0422879774472584
666,0.831444712110896
667,0.0510365540213409
668,0.518347326729121
669,0.0772451631506539
670,0.0474133018068781
671,0.205994972348087
672,0.293261304027519
673,0.429291900453663
674,0.246504789514654
675,0.543575015687447
676,0.00738977477992037
677,0.649177428871023
678,0.567958428072947
679,0.0348670455441852
680,0.865378715295355
681,1.00092856200906
682,0.211814170334099
683,1.16523076463906
684,0.0404896949371741
685,0.421863910854602
686,0.96738700570032
687,0.0538115586003428
688,0.0405248919605136
689,0.0341574341460498
690,0.0527279895407104
691,0.173760806828919
692,0.0313279167841692
693,0.0358492670083428
694,0.0938465720030106
695,0.0505379083391023
696,0.150470865143423
697,0.0141677501573717
698,0.27819557716595
699,0.0252402964747326
700,0.0398841325410064
701,0.965723174724901
702,0.0357361759046956
703,-0.0083223946170296
704,-0.0256331771552556
705,-0.0798856830739486
706,0.0480683688097356
707,-0.00844664455545541
708,0.0919930231691526
709,0.933829471862803
710,0.0047853052662557
711,0.925329841145115
712,0.0428248746310287
713,0.257144556889613
714,0.00371010314384201
715,1.05439347255725
716,-0.130173838316039
717,0.0360986129136584
718,-0.0195028535594896
719,0.966288160940705
720,0.0174585375505618
721,0.136436198431739
722,0.0242253798122261
723,-0.0235378362156196
724,0.0482577983488587
725,0.400125007513929
726,0.0717212532047121
727,0.00499407754309389
728,0.953689495444836
729,0.0138914633145004
730,0.394557290748224
731,0.821668914368068
732,0.611088507964054
733,0.0946466470576359
734,0.0359849011041309
735,-0.0059244078008614
736,-0.0163117196296516
737,0.0337356781995823
738,0.00431588223069651
739,0.305818373952105
740,0.967347668722491
741,0.0847011110296552
742,0.0279315004787288
743,0.00445833271944884
744,0.0855296871335881
745,0.0634929745990395
746,0.0211797150071427
747,0.114379033696097
748,0.917086457966765
749,-0.00286176970279517
750,0.92904219545412
751,-0.0433347968842948
752,0.0363849730261691
753,0.0148919955440782
754,0.387007047128166
755,-0.0937832848470962
756,0.00248178163252138
757,0.162401896865825
758,0.020241364923742
759,0.11169398438178
760,1.16400149377533
761,0.0929155204043994
762,0.052151506326724
763,0.0824554581508236
764,0.335688199658454
765,0.0459679768951998
766,0.294015681429414
767,0.0282818802172989
768,0.0580642848865037
769,0.141795033986734
770,0.521579020486401
771,0.881919934437286
772,0.00484636251336762
773,0.0226727850670936
774,-0.0672967224452272
775,0.0414629453512247
776,0.0265058264716311
777,0.0556635801534196
778,0.975763932363106
779,0.0494781452743409
780,0.0459264076394642
781,0.141584593344502
782,0.666148626203335
783,-0.0213682377573046
784,0.0415453662779519
785,0.905795318459766
786,0.172262322049239
787,0.0453805280636734
788,0.100682305983581
789,0.0412695601539095
790,0.547483298549342
791,0.603394626482652
792,0.0619838909195039
793,0.813321205139191
794,1.01214044204243
795,0.364438827671547
796,0.871560696716128
797,0.885037188909084
798,0.301599264538069
799,0.534388211733791
800,-0.022043661041022
801,0.00744435461486126
802,0.0655337124397775
803,0.0787406532815969
804,0.783378568863096
805,-0.0277695194428973
806,0.9638485496028
807,0.977971120740609
808,0.0518772763902893
809,0.0462497419408107
810,0.213014307872508
811,0.042028871335804
812,-0.0248864137404242
813,0.909888655498051
814,0.032895973246576
815,0.532006034695718
816,0.0195638817412617
817,0.823337279442204
818,0.120701303998571
819,-0.120769335932288
820,0.0388217664379635
821,0.011801479212956
822,0.0630950784655151
823,0.32884489969063
824,-0.0172493336718105
825,1.09425330634817
826,0.591222794666003
827,0.0388846314589559
828,0.960586409819114
829,0.0191815668317653
830,0.263768396758345
831,0.56759151999878
832,0.0361987147135325
833,0.162605145553821
834,-0.0349842086593675
835,0.111540245417112
836,0.0414083636648859
837,0.599004049696934
838,0.0347613996409747
839,0.0373112786832669
840,0.693138392886901
841,0.12413262316762
842,0.0123583710541724
843,-0.0406417628748529
844,0.143445126495418
845,0.833982957480284
846,0.0742634036311351
847,0.0234641559525197
848,0.0474498148495166
849,0.0124398511156679
850,-0.00307100658699122
851,0.0239450918428494
852,1.08728691740969
853,0.203947561769544
854,0.0406765535075698
855,-0.0112925380255426
856,0.923430992634381
857,0.0249387459985664
858,0.326775413482354
859,0.612723575222865
860,1.0264594326415
861,0.0348364222492535
862,0.0474138290873701
863,1.07339358866058
864,0.0853601865660709
865,-0.0674819463055274
866,0.759421820808209
867,0.0472620729654951
868,0.986102179559492
869,0.101891958682025
870,0.0667627641047342
871,0.690318035311536
872,0.0340446732217856
873,0.393727517434297
874,0.0469122520422246
875,0.0700782817277951
876,-0.0341215298505378
877,-0.0256597388641685
878,0.837185550445069
879,0.0157944081505341
880,0.00274821463711339
881,-0.0231336424937872
882,0.148511343014169
883,0.0364352760158402
884,0.923511198683886
885,0.219365836714387
886,0.0600362300864609
887,0.751243656570088
888,-0.0680467573893683
889,0.168693009251868
890,0.988657493821051
891,0.584341414191595
892,1.10511233905161
893,0.466055359809277
894,0.0379981563062532
895,0.00447427511704684
896,0.729130544350534
897,0.0222999047837417
898,0.0356625922501059
899,0.428046244278695
900,0.0184070159209256
901,0.0663243941207778
902,0.00480439024603219
903,0.368098479237936
904,0.42836820596387
905,0.013668863584672
906,0.767489439445912
907,0.0697548669450608
908,0.0557926761575302
909,0.374026107234295
910,0.968606088979737
911,0.951676233761168
912,0.0456159757288754
913,0.382475129996369
914,-0.0391565754067084
915,0.610040297972269
916,0.0493448863159104
917,-0.0583037819755237
918,0.0196743907714062
919,0.00597457451477729
920,0.76340917401668
921,0.108793722525731
922,1.13656806243038
923,0.0474498148495166
924,0.0379919498300656
925,0.0516733080096312
926,0.0190155956003346
927,0.263266356787595
928,0.021832342100245
929,0.0336300722817616
930,0.0423329284448432
931,0.624447854720914
932,0.274695471101377
933,0.0491660258836362
934,0.0476370014243228
935,0.130010512989345
936,0.0461229878184579
937,0.0280731119749063
938,0.331539355416686
939,0.997732554873318
940,0.0467503568140539
941,0.015097539755749
942,0.0405251056399629
943,0.0553464516536956
944,0.0668374390584897
945,0.148964118289087
946,1.04026789207305
947,0.0233226284830571
948,0.0260035008645748
949,0.157555167083947
950,0.0320218970064605
951,0.00878672160996047
952,0.0573986471882772
953,0.100713366585696
954,-0.0234492218457678
955,0.914940033908284
956,0.09337332527482
957,0.99000001110117
958,0.0418817177406737
959,0.741496537264776
960,0.00770513145884522
961,-0.0932701175616434
962,0.638127580471011
963,0.601655670173258
964,0.032106068776548
965,0.342556234355427
966,1.36007066663741
967,0.0385607130259865
968,0.166628792048569
969,0.836550253578638
970,0.39478311562472
971,0.0324843015604671
972,0.700497320707017
973,0.694408227310141
974,1.00962453480359
975,0.368778880700589
976,0.2380409906346
977,0.724754422296856
978,0.0206250109781079
979,0.530796792808736
980,0.0487024910662551
981,0.195381504172866
982,0.0627210956114593
983,0.0106377859136747
984,0.0154594381709174
985,1.06048162582128
986,0.751713899864641
987,1.22891986199535
988,0.633245261811334
989,0.0355513230653199
990,0.893165513434814
991,0.40161710332356
992,0.0394954450486436
993,0.0360347949137146
994,0.973234845779532
995,0.949230757638314
996,0.0362319714751297
997,-0.0594444670954171
998,-0.0166195260807531
999,-0.00651047781466679
1000,0.0192070809782929
1001,0.916184196002317
1002,0.534122362919045
1003,0.045025986822771
1004,0.118946574077529
1005,0.88340293012082
1006,0.00186280781537596
1007,-0.0171795733060099
1008,0.288972018466091
1009,0.0463642898606985
1010,0.805301048497322
1011,0.0504868217228313
1012,-0.0291756403995398
1013,0.83925256800587
1014,0.263315035127346
1015,0.109595335704064
1016,0.0628401974186882
1017,0.947074277034486
1018,0.919382363576786
1019,0.81315680064369
1020,-0.0234562691740143
1021,0.035342886516078
1022,-0.0486788724561406
1023,-0.0861782947160238
1024,0.0674004449198817
1025,0.578499915082188
1026,0.895919924296845
1027,0.222293081376252
1028,0.432009367760605
1029,0.310212557438157
1030,-0.0132580338745884
1031,0.35273701032134
1032,1.0970170509087
1033,0.296434490030239
1034,0.108634912511075
1035,0.0339037006784896
1036,0.0548681612584668
1037,1.02555544319842
1038,-0.0339612704231629
1039,0.0678681541259314
1040,0.0453318501600486
1041,0.822595427442459
1042,0.0521254380104427
1043,0.721082430331343
1044,0.0509573531908368
1045,0.0483735401050974
1046,0.165215370931089
1047,0.0201148719705898
1048,0.0303963535194821
1049,-0.000944453375184562
1050,0.47400973418875
1051,0.310123804172399
1052,0.538437034163706
1053,-0.00300387721597889
1054,0.00584698187389626
1055,0.0196402062567594
1056,0.0210772914327015
1057,0.0669205599804921
1058,0.33085690553922
1059,-0.00212951423232849
1060,1.00244334132532
1061,0.0366909190329205
1062,0.502432907631525
1063,0.8887913077163
1064,0.0574037389180113
1065,0.938316790895927
1066,1.06316156954137
1067,0.366491337146115
1068,-0.0996545389342125
1069,0.0405343234636492
1070,0.0337932209183647
1071,0.327664446642496
1072,1.04888042666902
1073,0.0415530655562508
1074,0.11041870661344
1075,0.981706223472329
1076,1.15177108257494
1077,-0.00672661711097544
1078,0.46661851853071
1079,-0.193422658454024
1080,0.0508809487363848
1081,0.00937708903697548
1082,0.015563508334285
1083,0.50752588029877
1084,0.033146719660696
1085,-0.0185986301661588
1086,0.699610511011688
1087,0.173591360311087
1088,0.0456971643628809
1089,0.987369282935449
1090,0.912000249038197
1091,0.0206858985529656
1092,0.0416463581056808
1093,0.00254634561281997
1094,0.32693454896832
1095,0.0307164310170349
1096,0.510872153920141
1097,0.168131103247426
1098,0.430200070611693
1099,0.026870723064893
1100,0.238829313425845
1101,0.00592356039759528
1102,0.961395982943484
1103,0.048856346627222
1104,0.243527761094541
1105,0.0157103901752413
1106,0.0145491401744817
1107,0.0605453822390803
1108,0.0512970028675398
1109,0.437127385528658
1110,0.0631476543076424
1111,0.318663480772621
1112,0.0402610772785897
1113,0.0197058299265526
1114,0.0025707919322927
1115,1.05923032779304
1116,0.129490715816767
1117,0.0835774870047045
1118,0.0164132000549793
1119,0.686801982479614
1120,-0.0311240936324844
1121,0.0322057764304866
1122,0.245508138872537
1123,-0.0679636188488921
1124,0.00203750407548964
1125,0.580002313349729
1126,0.0691298759274246
1127,0.0361170016801744
1128,0.405430243488134
1129,0.951238012119896
1130,0.0425344509640151
1131,0.0306646763698135
1132,0.0529616518626853
1133,0.0352822935434344
1134,-0.00366518985901265
1135,0.0908652340728535
1136,0.948334430976252
1137,0.0291827460704172
1138,1.05801675254664
1139,0.162772181248512
1140,0.0659985969622057
1141,0.944949120061352
1142,0.0548584504759339
1143,0.0476547297121785
1144,0.729928960476637
1145,0.0324597425519745
1146,0.0611578816240546
1147,-0.00625073150045619
1148,0.383038895020611
1149,0.00155063765056529
1150,0.691563653384601
1151,0.888398978342105
1152,0.0280366429212233
1153,0.4456504187224
1154,0.217716344327421
1155,0.265156618223284
1156,0.0127367777076394
1157,0.0357705490522268
1158,0.0112398212349422
1159,0.0209746768172298
1160,0.0500892406979078
1161,0.0355202599389822
1162,0.105000195074853
1163,0.241951648960012
1164,-3.33368298354175e-05
1165,0.54531600710481
1166,0.0571148262142857
1167,0.268650474948347
1168,0.0428651601713529
1169,0.0206233854343087
1170,0.0439294082955158
1171,0.0554102186412186
1172,0.0636475763934715
1173,0.15372720021592
1174,0.0129664864846917
1175,0.822704926752128
1176,0.0156383054128407
1177,-0.0950768959060954
1178,-0.0224315551690905
1179,0.0441293664075527
1180,-0.0467212981949096
1181,-0.016751431184963
1182,1.04447317309736
1183,0.907992930647969
1184,0.0319873665323555
1185,0.0661448876239693
1186,0.110340079976147
1187,0.99860161395479
1188,0.0641588462993027
1189,0.938173107809992
1190,0.00852930654099693
1191,0.51622415153639
1192,0.015437062787022
1193,0.0469778918743632
1194,0.299069711798921
1195,0.0494501529077609
1196,0.020225365159097
1197,0.0442595264593797
1198,0.154292410370903
1199,0.0302454982526452
1200,-0.0155642986185692
1201,-0.036165475156134
1202,0.134123482868783
1203,1.03330333566306
1204,0.428336834259971
1205,0.438517582375353
1206,-0.0317585393407487
1207,1.24726638803091
1208,0.765932997062966
1209,0.0163640812741139
1210,0.155384186359169
1211,0.054720915360416
1212,0.73755386926311
1213,0.0474498148495166
1214,0.169032970477002
1215,0.0439533723077639
1216,0.0330650962197518
1217,0.101891956982037
1218,0.808852162221315
1219,0.0192857183588081
1220,0.0481561400013601
1221,0.0497598717030926
1222,0.306114661013079
1223,0.0849917778556499
1224,0.0396810964557253
1225,-0.0495968935655793
1226,-0.0194307937174547
1227,0.872657437661224
1228,0.694385601662532
1229,-0.00119005163429409
1230,0.180615079669607
1231,0.0428862011231148
1232,0.851665590983299
1233,0.84824879556652
1234,-0.0584273150983612
1235,0.00592386916976129
1236,0.104351284566073
1237,0.0313233945910795
1238,0.0365803016507566
1239,1.02249124473676
1240,0.579108813652243
1241,0.604487115533347
1242,0.337951954676982
1243,0.0414317954112512
1244,0.0425838776195238
1245,0.0285864153879535
1246,0.0454789938127401
1247,0.281086785372886
1248,0.317495042044095
1249,0.0250950628925543
1250,1.05916328737125
1251,0.0909839481010775
1252,0.0359296810932443
1253,0.000147875060816982
1254,0.666467776298079
1255,0.250948228432448
1256,1.07381407181518
1257,1.00885252681389
1258,-0.0371529102763341
1259,0.920196710668531
1260,0.0452930729604377
1261,0.0289512513302508
1262,0.994971210447222
1263,0.0190893113665137
1264,0.0407449426355835
1265,0.047336610852842
1266,0.037334757790064
1267,0.215031719831272
1268,0.0425309876666499
1269,0.615857350334092
1270,0.162650416181178
1271,0.824448400031249
1272,0.0487082057840005
1273,0.0340587491508398
1274,0.145396348031631
1275,0.191285300800462
1276,0.00523575050163216
1277,0.0375472285327722
1278,0.0628164938541586
1279,0.010027864982519
1280,0.118142958935534
1281,0.304976967516704
1282,0.806648501799657
1283,0.0382955949823478
1284,0.0277645709467001
1285,0.904788866831501
1286,0.0255763487406204
1287,0.0316980810099391
1288,0.423147101182142
1289,0.0356290880958936
1290,0.0780926699282517
1291,0.0809561665766387
1292,0.954662583087315
1293,0.0476027718333842
1294,0.219709269630165
1295,0.0817168132885434
1296,0.409237931264944
1297,-0.0325605175579168
1298,-0.00912310599427851
1299,0.0294733443658288
1300,0.0559444500469736
1301,0.275123237850754
1302,0.0134018554774301
1303,1.03187822511234
1304,0.0981794882768447
1305,0.0474593136496719
1306,0.0388744314480904
1307,0.0560071329215051
1308,0.0808434674890743
1309,0.85205587187239
1310,0.0613763491837385
1311,0.950244609159402
1312,0.202995836422703
1313,0.651118587047829
1314,1.08822549631303
1315,0.0362740484457758
1316,0.276269978141329
1317,0.0191257555006862
1318,0.794001575394627
1319,0.0290338038394977
1320,0.00284633934069145
1321,0.932887855054277
1322,0.0436487666568379
1323,-0.00175699887404124
1324,0.0731412445127433
1325,0.0440205122669706
1326,0.0277364947228537
1327,0.241868906753435
1328,-0.0323166693651146
1329,1.01281742832932
1330,0.112363702212708
1331,0.494432381876669
1332,0.0375464127607744
1333,0.0452692288604505
1334,0.0615430189268176
1335,1.10731245776761
1336,0.0343080162533915
1337,0.0254298474359608
1338,0.529558026634865
1339,0.0511844673099525
1340,0.297776402505667
1341,0.0519950268138922
1342,0.497049576976603
1343,0.0349442969662656
1344,0.137145646750159
1345,0.263153088759173
1346,0.280140569913079
1347,0.555277990584427
1348,0.450844888559525
1349,-0.000483612343920969
1350,0.338940872599525
1351,0.960558178110431
1352,0.0216701981990803
1353,0.919341547231955
1354,0.0403044975006315
1355,0.0416234419417605
1356,0.923738434395573
1357,-0.0417764434093917
1358,0.0758645513741671
1359,0.0384486714220786
1360,0.0376655513117708
1361,0.0248089066019746
1362,0.153520941887154
1363,-0.0189565560387996
1364,0.17290438031425
1365,0.96153149146307
1366,0.430934670134831
1367,0.0476915902746451
1368,0.537537320609653
1369,0.0292275922605089
1370,1.05355415134631
1371,0.676676815971134
1372,0.277967669210531
1373,0.0614550363689503
1374,0.979521586745737
1375,0.0435073710323426
1376,0.0970922953854849
1377,0.0355592928569218
1378,0.264362340565797
1379,-0.0164552249670811
1380,0.0014358297654794
1381,0.0520637655596111
1382,0.81847939056725
1383,0.0335595139208644
1384,0.0346877296786492
1385,-0.0871307777366361
1386,0.375900576386744
1387,0.766642480921869
1388,0.931133614454083
1389,0.504221505290909
1390,1.02794182059423
1391,-0.0156997564896971
1392,0.118654217215234
1393,0.403689992755307
1394,0.247713815717066
1395,0.953949681419641
1396,0.199779555222088
1397,0.00821825866783027
1398,-0.048933150385605
1399,-0.0151750253997885
1400,0.0333643700598914
1401,0.0435629114048574
1402,0.0438906107056032
1403,0.0552664726310674
1404,0.0851825633401965
1405,0.215678854226506
1406,0.0590053602281184
1407,1.2581352702016
1408,0.0716573842568859
1409,0.947886778666933
1410,0.459014365770168
1411,0.148021961032883
1412,0.0604386832716382
1413,0.0126825330672937
1414,0.0460249789124033
1415,0.0679951771221909
1416,0.0169219034288258
1417,0.0500446321030404
1418,0.137986208084977
1419,0.530637247543192
1420,0.293050176337957
1421,-0.0704120833178076
1422,0.0976610381699251
1423,0.012066601232495
1424,1.08887945940624
1425,0.0812716464995005
1426,0.0652173910044488
1427,-0.00655345096721133
1428,0.0492885607035234
1429,0.0455574762486635
1430,0.0265657297700181
1431,0.121826814816521
1432,0.303995196078857
1433,0.582576186962148
1434,-0.0136311190750524
1435,0.0284314836945941
1436,0.00106913366429706
1437,0.998009407721476
1438,0.240560469123336
1439,0.00249567913699644
1440,0.00748166870406924
1441,0.989076734658999
1442,0.0433844278346446
1443,0.038287175300223
1444,0.407610660346801
1445,0.125538733316203
1446,0.0319638121576448
1447,-0.0126258438720898
1448,0.356124495181663
1449,0.0843654438319571
1450,-0.00330456842325189
1451,-0.0165314915024942
1452,0.793273583205368
1453,0.000411199843148358
1454,0.00108377516431196
1455,-0.0303512592764164
1456,0.0206258986128171
1457,0.0477141962383136
1458,0.0353833571714264
1459,0.635391062986047
1460,0.012384067219557
1461,0.0376140144109053
1462,1.03047930944444
1463,0.0462694477368527
1464,1.00348258189284
1465,0.00911473882260339
1466,0.262010245642413
1467,0.979021873854109
1468,0.639759983560954
1469,0.0394473994654534
1470,1.01391540329191
1471,0.00210173080448967
1472,-0.0226587190880495
1473,0.0452092918262011
1474,0.127837584409207
1475,0.362594647567888
1476,0.804345193500295
1477,0.631162538923621
1478,0.966955238652296
1479,0.783673014435465
1480,0.119838531481888
1481,-0.0404542092589079
1482,0.0276733693815814
1483,0.0157289949210878
1484,0.115189492018844
1485,0.30918189164625
1486,0.915512867067481
1487,0.198627276752839
1488,0.0374790292027789
1489,0.643208029439341
1490,0.0193922116601518
1491,0.820214497581597
1492,0.0114086150572478
1493,0.0292219845270288
1494,0.0420353479420732
1495,0.0339198818525937
1496,0.0516489748749583
1497,0.761240967635761
1498,0.0545752550991604
1499,0.0314391800768123
1500,0.307240842612966
1501,0.361297633610259
1502,0.0368793340996841
1503,0.0326492392227946
1504,0.803409901884948
1505,0.042662232946132
1506,0.477070870958012
1507,-0.0485537893270414
1508,0.0548929224000128
1509,0.492093032079457
1510,-0.0842198032027164
1511,0.218484225750729
1512,0.0421324775896247
1513,0.0487350656129255
1514,0.379073275267298
1515,0.0378240788410342
1516,0.110525737198573
1517,0.455076266086784
1518,0.0426620973175853
1519,1.04327745839561
1520,0.0236398881432922
1521,0.00229402297657799
1522,0.611720265238296
1523,0.0332306833552814
1524,0.365596297608496
1525,0.0207899156497052
1526,0.654589565611342
1527,0.0522763660142441
1528,0.149933001495882
1529,0.867599431658833
1530,0.0873874375817788
1531,0.899042010082342
1532,0.902364220492891
1533,0.950544200769396
1534,0.0355127012488474
1535,0.888395142473882
1536,0.0880125136167867
1537,0.0390846151657378
1538,0.780795826746856
1539,0.0309981881831911
1540,0.901672552203634
1541,0.899087508279615
1542,0.00958452738575138
1543,0.812746618207437
1544,0.0408163145371561
1545,-0.00470491444034621
1546,0.245696980846942
1547,0.739552700531922
1548,0.081254056012629
1549,0.171314785938967
1550,0.00651219253970958
1551,0.676801310903483
1552,0.969077819892618
1553,0.394345303411733
1554,0.0344369159329699
1555,-0.0716761291120689
1556,0.423040915738679
1557,0.604514195504709
1558,0.669833505738183
1559,0.0451848820793332
1560,0.0435518126181847
1561,0.0467991763773506
1562,0.0451387889293112
1563,0.0644340197214138
1564,-0.0270519793203973
1565,0.0464388492571847
1566,0.0209740906428844
1567,-0.00510373967885558
1568,0.454631982635376
1569,0.241228857776343
1570,0.0784791079093166
1571,0.0415463968032775
1572,0.0502429052672272
1573,0.00416498953906203
1574,0.301033989453091
1575,0.0125945446042694
1576,-0.00625976262964534
1577,0.0363679299015474
1578,0.406898940291063
1579,0.177128331077925
1580,-0.00573554906064988
1581,1.12804049648262
1582,-0.0929956775617945
1583,-0.0153301279054391
1584,0.714446533705434
1585,0.0530066821646122
1586,0.290171744553348
1587,0.329090481398635
1588,1.02934214864948
1589,1.02529437220672
1590,0.0683472855478811
1591,0.0333327782055572
1592,0.160592949177923
1593,0.62976852565081
1594,0.0489503342601542
1595,0.0153220632714207
1596,0.0431529124991668
1597,-0.0045283723961228
1598,0.569357312932365
1599,0.83749630077841
1600,0.732279429671577
1601,0.794774998711387
1602,0.843851807517385
1603,0.992500856765283
1604,0.98106326435302
1605,-0.00420679558391768
1606,0.0427073999294038
1607,0.0592647809747968
1608,0.034981636178245
1609,-0.177364875883086
1610,0.00578689329324322
1611,1.00347198597917
1612,-0.0207895450256746
1613,0.90611089880497
1614,0.893096987114233
1615,0.902095741868656
1616,0.17519826252947
1617,-0.0115056537029409
1618,0.0618326042325072
1619,1.01749401782403
1620,1.00469935280481
1621,0.75980956205171
1622,0.043482149411684
1623,0.0241360185722538
1624,0.0549591422583507
1625,1.08719353354717
1626,0.0410255712796702
1627,0.412194726453784
1628,-0.00689910305505259
1629,0.0156544507080312
1630,0.635627218685649
1631,0.0323823480453685
1632,0.178643208737757
1633,-0.00250384645439788
1634,0.0768792554658639
1635,0.509232300496412
1636,1.17184171699111
1637,0.00341436139858425
1638,0.478769419542212
1639,0.794439427814407
1640,0.332773412042555
1641,0.0413167608522685
1642,0.0253708824008812
1643,0.0021433901645429
1644,0.0632921030323629
1645,1.07673663602668
1646,0.0743684483111
1647,0.0531479655781569
1648,0.792198213871229
1649,-0.0657553578600013
1650,0.151339757432564
1651,0.92064371364374
1652,1.05038598990505
1653,0.0443884377672632
1654,-0.0476395894019292
1655,-0.0222540957897804
1656,0.635357203036832
1657,-0.026121937788843
1658,0.130902226433789
1659,0.324128297430877
1660,0.0292595408739436
1661,-0.0668480727740107
1662,0.0496059795866162
1663,0.0397455755048778
1664,-0.00636884171900343
1665,1.01292897366885
1666,0.117770616522778
1667,0.0258988823120732
1668,0.492491376016932
1669,0.409749386328628
1670,0.0953394455927025
1671,0.998108698995186
1672,0.308922355767746
1673,-0.0217025522068228
1674,0.496681947097707
1675,-0.0237790074728366
1676,0.0394553334418873
1677,0.0523355957444206
1678,0.0619616556876362
1679,0.0357232837844757
1680,0.51488690362994
1681,0.0502150833900382
1682,-0.0112944164208578
1683,0.0515081333159129
1684,-0.138930289707048
1685,0.116646954481957
1686,0.0741645215839997
1687,0.352062070372139
1688,0.0425814786317325
1689,0.136385432720379
1690,0.656882746010061
1691,0.111800564484599
1692,0.0375029461325501
1693,0.00630084461108366
1694,0.946695192050863
1695,0.0239030703822024
1696,0.0572576296786532
1697,0.0233254583287131
1698,0.0114238078141928
1699,0.04106213747032
1700,0.0445180169668372
1701,0.0479360918091581
1702,0.0378758776926116
1703,0.0136091730851319
1704,1.00258426341795
1705,0.134212317685764
1706,0.0402793515507923
1707,0.0528569545511281
1708,0.128424744352299
1709,0.0402283260121993
1710,-0.0702322766064713
1711,0.0432340510459897
1712,-0.00148447143890357
1713,0.0169448376844157
1714,0.995930182604565
1715,0.980013752616574
1716,0.00386109211668578
1717,0.91059889279259
1718,0.0907154807604483
1719,0.0551803834954335
1720,0.0358329397516269
1721,0.100633527860798
1722,0.0424943491688951
1723,0.249033080097686
1724,0.142821257559418
1725,0.0405156209202645
1726,1.50127439943967
1727,0.80079064316293
1728,0.0354731739913483
1729,0.992207235028929
1730,0.0112958711541223
1731,0.314350530543764
1732,-0.00771298746990529
1733,0.723995986357514
1734,0.0202644162553397
1735,0.0997258333115327
1736,0.939175909677109
1737,0.0271746509111502
1738,0.0499196442665887
1739,0.811716749622505
1740,-0.00330268929848182
1741,0.418932024529481
1742,0.480168648237466
1743,0.584551776352095
1744,0.042567656414854
1745,-0.000627220980985499
1746,0.0807651660809855
1747,0.0351571155092559
1748,0.163820832933973
1749,0.97202788418077
1750,0.185451789655002
1751,0.768449585090806
1752,1.01582355271478
1753,0.525515507700171
1754,0.933720962878127
1755,0.05088295957703
1756,0.0460676974378003
1757,0.0463111037739958
1758,0.863002175376552
1759,0.0409852403230396
1760,0.0710345572009215
1761,0.774099196385496
1762,0.0355192675932747
1763,0.0586346348903889
1764,0.0703638867088806
1765,1.04837516203553
1766,0.0298822680889232
1767,0.0374881553088129
1768,0.0681053640275101
1769,0.666861151044992
1770,0.00213690025851981
1771,0.888793246273076
1772,0.70564870174121
1773,0.472730000999183
1774,0.0429601613253046
1775,0.0405255260837964
1776,0.049813988218314
1777,0.098515774640711
1778,0.888131568669022
1779,0.0061339443646653
1780,0.381736712763401
1781,0.0438818487636489
1782,0.0369931407474752
1783,0.282795059794339
1784,0.0229822846198608
1785,0.0399028890185723
1786,0.0613252758371589
1787,0.0652923599545193
1788,0.0225277170779235
1789,-0.0146190782518503
1790,0.0589989150138318
1791,-0.0222275303689615
1792,0.0577945554206282
1793,-0.00308395395796546
1794,0.204842144662579
1795,0.0589713575100694
1796,1.13352893689577
1797,0.920788284840241
1798,0.547557967685975
1799,0.0411255882121696
1800,0.0336057727926597
1801,0.0994303164503572
1802,0.0451104241587759
1803,0.9514559969224
1804,0.0189319516899899
1805,0.142105692026971
1806,0.00669125075855553
1807,0.136555450077761
1808,0.0449243410730084
1809,0.829258240254961
1810,0.215720082834942
1811,0.0313255377422662
1812,0.450868896830545
1813,0.130283813405152
1814,0.297592597388324
1815,0.758257715945037
1816,0.0356884586973644
1817,0.0121061089758984
1818,0.0843440224988566
1819,0.0503507965735991
1820,0.2193042036182
1821,0.0204465265860122
1822,0.0474498148495166
1823,0.0465219154348727
1824,0.226362883598974
1825,0.00488865794991361
1826,0.0067533364972287
1827,0.137053926765588
1828,0.424245536038199
1829,0.0389681907811998
1830,0.0324194767834386
1831,0.284690226691052
1832,0.0443329523205228
1833,0.142589453846522
1834,0.0303066625933861
1835,1.02573030285949
1836,0.0253085859939413
1837,0.995885874541956
1838,0.0940136613378432
1839,-0.00580094595997543
1840,0.0371633112651411
1841,0.750504466307504
1842,0.867224323395278
1843,-0.0250811800347361
1844,0.645765158137605
1845,0.0439009183515142
1846,0.0322581679614641
1847,0.0489249100799153
1848,0.027449515203091
1849,0.0200601197871966
1850,0.0251060641699656
1851,0.18507950422476
1852,0.00359238475142309
1853,-0.0863657751320978
1854,0.0659359794970263
1855,0.31090505029002
1856,0.0439228239203691
1857,0.0162081006958071
1858,0.90925137003565
1859,0.0474722361359968
1860,1.02542046716081
1861,0.03560098193467
1862,0.15336137391496
1863,0.0410248953001199
1864,0.11320203866455
1865,1.04459995561659
1866,0.0300351574572361
1867,0.144944151861498
1868,1.01295031584997
1869,0.0156004888346689
1870,0.321160438315715
1871,0.0502937896274691
1872,0.0147527323838489
1873,0.0732073759728166
1874,0.0450630662416242
1875,0.806190840879919
1876,0.0367149875550211
1877,-0.0135990103361909
1878,0.0398263340285692
1879,0.00589611676539953
1880,-0.0127292309449384
1881,0.0279400433844134
1882,0.0491269185818377
1883,0.071569489272453
1884,0.316732268275706
1885,0.037153710221985
1886,0.0138050255861754
1887,0.359842729840238
1888,0.0455889475720104
1889,0.687970065328077
1890,-0.0263888400065928
1891,0.0457653344786918
1892,0.0429026374269736
1893,0.918371049965517
1894,0.0286163752736809
1895,0.0595183571187896
1896,0.178726667780332
1897,-0.0613998504906624
1898,0.469920384830899
1899,0.0245465408781937
1900,0.115872645785185
1901,0.175430129802322
1902,-0.0208547763684478
1903,0.0217701506097795
1904,0.150715950870599
1905,0.138908069369937
1906,1.02843134886857
1907,0.275969966746889
1908,0.574733229465276
1909,0.06022387295954
1910,0.00697709150122433
1911,0.895737285517734
1912,0.0375365918635824
1913,0.0719800151698337
1914,0.975646187526558
1915,-0.0284265844202908
1916,0.971470424033132
1917,0.021596168743485
1918,0.0479984991856142
1919,0.0322579798517745
1920,0.0471155486312989
1921,0.0399745557555159
1922,-8.60008082975705e-06
1923,-0.0503656785598136
1924,0.0591793191495316
1925,0.012676089197829
1926,0.0978999715155588
1927,0.0384218280692574
1928,0.949357711708766
1929,0.802625430598606
1930,0.0321191270023242
1931,0.0302678322258714
1932,0.938819193209957
1933,0.00934589277323439
1934,0.134966808268059
1935,0.310124937993447
1936,0.0471853088920987
1937,0.0441112412890755
1938,-0.0412860648853464
1939,1.00026764934836
1940,0.0385200633081857
1941,0.0338062394694441
1942,0.0488754875979383
1943,0.0348053527624148
1944,-0.257176798097319
1945,0.036042358727396
1946,0.119836692110933
1947,0.0207988850303901
1948,0.0388413820570973
1949,0.0325738707331061
1950,0.0700454172972936
1951,0.0255863192008202
1952,0.0474427675947243
1953,0.772707068972785
1954,0.251471224128206
1955,0.243910438670809
1956,0.551631866168619
1957,0.270074188952046
1958,0.306006113211261
1959,0.0680561819917012
1960,0.054679231713641
1961,0.171657998233298
1962,0.895886774267042
1963,-0.0163829884988972
1964,0.813008176788547
1965,0.423882391582783
1966,0.0291484226217004
1967,0.52587310835902
1968,0.709702150611367
1969,0.00323513845736911
1970,0.0436836639921845
1971,0.0422250567423461
1972,1.02089601320784
1973,0.00346507145270247
1974,0.0293182318216009
1975,0.0624543172757157
1976,0.00668040101402984
1977,0.0304585532074388
1978,0.0815062520404563
1979,0.369416852601146
1980,0.046287868583716
1981,0.0600712242490897
1982,0.0134495908388937
1983,0.0834103367453711
1984,0.0287616743258818
1985,0.593959034138962
1986,0.0227221552034405
1987,0.0161519797196613
1988,0.0327372028499366
1989,0.0465529504583655
1990,0.158878747428989
1991,1.17980863043445
1992,0.026605155746129
1993,1.01892224613695
1994,0.154388498803193
1995,0.00894158119587279
1996,0.00390926819231374
1997,0.825887868023851
1998,0.0106934444853994
1999,0.0525293688965158
2000,0.0437638966097495
2001,0.314333086465663
2002,0.0167284012427303
2003,0.855079411670834
2004,0.724708688530502
2005,1.09511282881441
2006,0.0147855448433537
2007,-0.00126243486555377
2008,0.0400620512072544
2009,1.01600632127557
2010,1.01031236786602
2011,1.10809219239271
2012,0.237010125533953
2013,0.0575302971477656
2014,0.0789686363015898
2015,0.0575103580592611
2016,0.054943459138832
2017,-0.00532398421415892
2018,0.0427064788346329
2019,1.00213247972453
2020,0.00677727118601695
2021,0.177578448705039
2022,0.626843557511639
2023,0.0173754779489128
2024,0.0783855804374353
2025,1.00269979055565
2026,0.0327137035654624
2027,-0.0792295737377178
2028,0.373025748553773
2029,0.0500086057405519
2030,-0.00689662989300954
2031,0.0446416173472365
2032,0.915481773935354
2033,-0.0762278199741914
2034,0.0898285563518991
2035,0.0649722687837
2036,0.0137767846944469
2037,0.821254186614204
2038,0.0538266071006757
2039,-0.0852654708213946
2040,0.0260150440369776
2041,0.499185598003961
2042,-0.0411302731892907
2043,0.0681843455821606
2044,0.0447623700312602
2045,0.91153505854799
2046,0.0137319439229085
2047,0.0454003932838055
2048,0.0174365843554355
2049,0.184838837037716
2050,0.0592840715352594
2051,0.122142815763728
2052,0.63348687560841
2053,0.0227301448276145
2054,0.0122332119819873
2055,0.150165800663627
2056,0.0389560622148903
2057,0.0176549369178721
2058,0.0246449462461744
2059,0.931737852366318
2060,0.0326274730366283
2061,0.0342418464649223
2062,0.00601026718328895
2063,0.929879312942418
2064,0.0809791858082611
2065,0.0579138706631853
2066,0.224148903729688
2067,-0.00241249981774755
2068,-0.0100847366810622
2069,0.175513238524313
2070,0.0287989329432984
2071,1.01445364909728
2072,0.0458394991730237
2073,0.507720365344762
2074,0.121993691025274
2075,0.0338865286008668
2076,0.585606015866342
2077,0.039609203134741
2078,0.81098150064067
2079,1.02798400763559
2080,0.186631377867869
2081,0.682395457882391
2082,1.01684874895606
2083,0.0637065253871015
2084,-0.0647068185301026
2085,0.101723896104697
2086,0.041855453482242
2087,0.0473691669007504
2088,0.0873773120485003
2089,0.0426435273204522
2090,1.03611395904151
2091,-0.0549238771204547
2092,0.85406299126239
2093,0.162877610579178
2094,0.00935797659583743
2095,0.174500552018417
2096,0.0782304072189675
2097,-0.0600874094824063
2098,0.500431953213097
2099,0.0348642538412149
2100,0.0245763138572921
2101,-0.0882272323708945
2102,0.047663713918709
2103,0.0342466636166404
2104,0.0217920206451183
2105,0.450873873640601
2106,0.0599840488221459
2107,0.0474498148495166
2108,0.0397779930257663
2109,0.678974633122415
2110,-0.00563582201020024
2111,0.0462724084423076
2112,0.0527711384188871
2113,0.93443010135955
2114,0.0237131451030617
2115,0.385047703909644
2116,0.0270790568410454
2117,0.458174424777591
2118,0.857085111698554
2119,0.0378954083029421
2120,0.0392064341033002
2121,0.0323285757033761
2122,-0.00577170149396011
2123,1.2218215311645
2124,0.0724622032643485
2125,0.546861063245456
2126,0.675516378995344
2127,-0.00712221765899812
2128,0.0571560846269131
2129,0.0163536899304364
2130,0.11605410038486
2131,0.040923318712939
2132,0.412431063393132
2133,0.0507255158528125
2134,0.035178786366539
2135,1.10121472360386
2136,0.0381268569271391
2137,0.8969699413072
2138,0.0395483480691846
2139,0.0244095666133725
2140,0.0345784867591267
2141,1.02239951298609
2142,0.226005010708742
2143,0.18925146958486
2144,0.0241237459377074
2145,0.00391136896497629
2146,0.273453770477314
2147,0.043710923559265
2148,0.0400696897113019
2149,0.700743937157237
2150,0.797289098578872
2151,0.0527412366861099
2152,0.0550541351652398
2153,0.166445743701195
2154,0.11220325769883
2155,-0.0091406313821546
2156,0.643883475331731
2157,0.126322168618913
2158,0.04819065387063
2159,0.967770455618338
2160,0.97192785134652
2161,0.00261588580044469
2162,0.915618137239483
2163,0.0396272049232216
2164,1.02610745039402
2165,0.0359261401755939
2166,0.01823305367991
2167,0.928665600888916
2168,0.0438833630214763
2169,-0.0420589603660643
2170,0.773491006288186
2171,0.861591996467653
2172,-0.0986314916936447
2173,0.0484296198668538
2174,0.0803748846772884
2175,0.0779965725786945
2176,0.0474498148495166
2177,0.424709573442645
2178,0.0194476292145341
2179,1.22142024246294
2180,0.666731684856103
2181,0.282965356099903
2182,0.112588498550683
2183,-0.0171598791608155
2184,0.00771437971140143
2185,1.0898111436392
2186,1.00505386443513
2187,0.107234442214433
2188,0.91944945158243
2189,0.0929637288053009
2190,0.0374243700374882
2191,0.0458239460037499
2192,0.531874232050236
2193,0.026168144130424
2194,0.934992242545992
2195,-0.00350299115512204
2196,0.816060862144053
2197,-0.0494013043522826
2198,0.162011308836254
2199,0.000280794204845281
2200,0.318676793242149
2201,0.100045587917338
2202,0.0158971476654994
2203,0.0578803082321333
2204,0.0428486880361654
2205,0.0725886649874993
2206,-0.00681853381931247
2207,0.91399123373551
2208,0.58487587371179
2209,0.87581673526038
2210,0.195042820981173
2211,0.766864481357782
2212,0.0793006233732267
2213,0.970266384264385
2214,1.11621945265991
2215,0.696336877526751
2216,0.622219887385964
2217,0.392114122480275
2218,0.394599636690556
2219,0.992554725977801
2220,-0.00225245284805053
2221,0.0793177053480435
2222,0.0151620139803041
2223,-0.000651194834311031
2224,0.0401519912323974
2225,0.429754195204518
2226,0.879946409150724
2227,0.0383738919852937
2228,0.0290633774252084
2229,0.804020181775941
2230,0.961921856594358
2231,1.06389963905599
2232,0.0621599237802927
2233,-0.0352562943108242
2234,0.0540139690318772
2235,0.0392077095744283
2236,0.246029017991175
2237,0.062471133749919
2238,0.444448217717756
2239,0.0423245023995846
2240,0.977939708135693
2241,-0.00297155317416087
2242,0.173781215365762
2243,0.686045787473041
2244,0.0247350677046362
2245,0.0581313353875327
2246,0.0159516731698534
2247,0.247417847164679
2248,0.963266983335336
2249,0.714683623375052
2250,-0.0134642305786029
2251,0.294542543687812
2252,0.0449078742234744
2253,0.130152504201869
2254,0.0392044857030184
2255,-0.0568886735413245
2256,0.636762263787728
2257,0.467982075561811
2258,0.0367756824937948
2259,-0.00960039021635212
2260,0.0639560455523958
2261,0.0201077927760975
2262,0.0795151741954063
2263,0.984316244753243
2264,0.0405813767565532
2265,0.951159225763784
2266,0.142224303395256
2267,0.0482728682994151
2268,0.91163765502266
2269,0.01582069169286
2270,0.0881225410871997
2271,0.172409780461341
2272,0.0376473145236604
2273,0.0292215515286575
2274,0.398092964303869
2275,0.0514119358412863
2276,0.0412025332424191
2277,0.0425035437753045
2278,0.0269198406175476
2279,0.110737504123613
2280,0.694181854523542
2281,0.0427801508850839
2282,0.977237247867981
2283,0.519450448396047
2284,0.981911708256006
2285,0.894346568088835
2286,1.09770748004772
2287,0.580443726514906
2288,0.0383726556869524
2289,0.0484835652880009
2290,-0.0842384429605252
2291,-0.0251142392672278
2292,0.361173020496542
2293,0.00569098376591254
2294,0.518766540653371
2295,0.165439128138743
2296,0.115679054369388
2297,0.479759900501852
2298,0.66571536673454
2299,0.048951979866365
2300,0.336893038615805
2301,-0.00169918652423445
2302,0.0115400405745885
2303,0.048585823970239
2304,1.00825956463512
2305,1.05607270698934
2306,0.320777408788818
2307,0.404552128080844
2308,0.0160533955936253
2309,-0.0291997175693087
2310,0.0364977069252605
2311,0.953239412905224
2312,0.170536929882133
2313,0.0272926943878791
2314,0.0134286922961525
2315,0.278274826850592
2316,0.0435925324556997
2317,0.0377344381263701
2318,0.0483522643269681
2319,0.546152503336717
2320,0.0418273313380373
2321,0.69394243906664
2322,1.16389858447924
2323,0.00273018557800181
2324,0.0418160688232351
2325,0.00968551837732251
2326,-0.0341045792690254
2327,0.0116966072407808
2328,0.0512538128932173
2329,0.0317195146258234
2330,0.00300162433870022
2331,0.0154451293219423
2332,0.277427457725284
2333,-0.0748140289771317
2334,0.97261631308655
2335,0.846015390864907
2336,0.082648543040253
2337,1.01522092370531
2338,0.307847667789544
2339,0.423966998235181
2340,0.757082908227833
2341,0.857221817422198
2342,0.0185832238526384
2343,1.16955538383995
2344,1.05041313312355
2345,0.0248676415799501
2346,0.026495920406282
2347,0.0414290911991412
2348,-0.0109020368030883
2349,0.404052584434125
2350,0.263305529454794
2351,0.270113820884078
2352,0.0393456052826725
2353,0.0375002525414693
2354,0.0352377161748033
2355,0.733867350140289
2356,0.0613199765506423
2357,0.983753612864514
2358,0.598291094669122
2359,0.169701845756572
2360,0.769429902359887
2361,0.0769822681369194
2362,-0.0311334595961784
2363,0.888838793520431
2364,0.0328293465716556
2365,-0.116357256103363
2366,1.02258657147702
2367,0.0160575239008292
2368,0.0472780453353189
2369,0.0279236366993172
2370,0.0199555474108831
2371,0.0561095614735077
2372,0.0756405158681832
2373,0.0365362126444085
2374,0.0874677119671163
2375,0.00716418839690636
2376,0.992156978668932
2377,0.0353507668410009
2378,0.0409474369022964
2379,0.649648034532107
2380,0.0130140729222269
2381,0.0178667968219498
2382,0.0449703292872028
2383,0.953951628457023
2384,0.15687287372017
2385,0.992522506297673
2386,0.0695314566717183
2387,0.138529598121534
2388,0.956149023178623
2389,0.463596870031055
2390,0.0351375555444952
2391,0.666319355220156
2392,0.0472922554765184
2393,0.640657492504452
2394,0.390261017992332
2395,0.0182974335274819
2396,0.0260125668764475
2397,0.0298547556588016
2398,1.08011202892717
2399,0.072980888826423
2400,0.0499219099619301
2401,0.0299830812038783
2402,0.258771455713588
2403,0.815128845164021
2404,-0.0283807315079445
2405,0.0388962018045859
2406,0.572760756395938
2407,-0.0170961329698064
2408,0.310780666839353
2409,0.899967870787487
2410,0.769562142906011
2411,-0.00732309723544433
2412,0.0481325059607164
2413,0.0181496599695514
2414,-0.018962694746529
2415,0.0536913831091523
2416,1.1353923346837
2417,0.969749656990818
2418,0.152800282282634
2419,0.0467283460642343
2420,0.015924055270054
2421,0.303756677547954
2422,0.0680382427502064
2423,0.278992128875253
2424,0.485315869115315
2425,0.0306911923462529
2426,0.0626860432173569
2427,0.285745469165113
2428,0.130516496561074
2429,0.725522454839119
2430,0.0385671868906546
2431,0.0247794123768437
2432,0.746841335791521
2433,0.710456178836206
2434,0.0157767365532323
2435,-0.0759280314927072
2436,0.0146359395446721
2437,0.25617951639714
2438,0.913316717191954
2439,0.693955001158953
2440,0.0571280489437647
2441,0.748494241991258
2442,0.474700649760291
2443,-0.0507481616931907
2444,-0.0575858955639166
2445,0.0114134153784905
2446,0.0384506959348653
2447,0.37400605096647
2448,0.100899047744268
2449,0.0464631567623272
2450,0.0472916931897796
2451,0.0164037653910819
2452,0.0909774489224545
2453,1.00035356725364
2454,0.179148081335195
2455,0.0475767009748221
2456,0.039880619156654
2457,0.672085595587017
2458,-0.183763015197831
2459,0.0169240664306154
2460,0.91219303473404
2461,0.00350249155036331
2462,0.0686403321551375
2463,0.897386232078625
2464,0.0511048022238206
2465,0.0872986907412828
2466,0.0476888618243084
2467,-0.00347398233743845
2468,0.239269416236419
2469,0.045661340442088
2470,0.0309854857154166
2471,0.0447556439104576
2472,0.033716864610266
2473,0.438393034062419
2474,1.00840776492784
2475,0.0330963521950214
2476,0.0669454104437864
2477,-0.027351699108335
2478,-0.0135259745963786
2479,0.488028510406848
2480,0.855570090260453
2481,0.598955925763615
2482,0.0140983971489305
2483,0.0314445364058097
2484,0.071294861203486
2485,0.0260273129604873
2486,0.0285580142201338
2487,0.0208685405145405
2488,0.400767018707644
2489,0.0979950317758354
2490,-0.0140027194488494
2491,0.666479150035608
2492,0.0291492313654962
2493,0.00149978184908284
2494,0.0927899759107002
2495,0.040855851774724
2496,0.0481571012621576
2497,0.348534504963627
2498,0.103301620959319
2499,0.0204131942341336
2500,0.0369870797163794
2501,0.949302938678088
2502,-5.47499787234562e-05
2503,-0.0222757723840304
2504,-0.0294816023192089
2505,0.0630132388463034
2506,0.0297558464039417
2507,-0.0196713620102201
2508,0.838151501821965
2509,0.401767841293177
2510,0.0220870122863205
2511,0.387429747404707
2512,0.27784096022433
2513,0.827800913171579
2514,0.169226222008618
2515,0.899589020599544
2516,1.17274692518318
2517,0.0511608755083097
2518,-0.0848028055166204
2519,0.039544629866674
2520,0.0374779330581527
2521,0.141077504812061
2522,0.969370247791543
2523,0.0179728061552799
2524,0.0291406570208466
2525,0.0912520986531191
2526,0.0306733484769183
2527,0.0457982548694638
2528,-0.0680087185695434
2529,0.0461731744814757
2530,0.166718886727136
2531,0.0419971646924945
2532,0.48075446275903
2533,0.048109962203681
2534,0.807149572218937
2535,0.0506896034502627
2536,0.0782352965132578
2537,0.0280536795851259
2538,0.595642231821262
2539,0.012214204091441
2540,0.14006403042412
2541,0.343974726109608
2542,0.0655426927245539
2543,-0.0020663855618091
2544,0.63279837229595
2545,0.0289086858762589
2546,-0.00983818781482448
2547,0.315407671606335
2548,0.0698342968958225
2549,0.678664238813053
2550,0.34530933284862
2551,0.0275510603830353
2552,0.018882608346213
2553,-0.0051361892135966
2554,0.891291832955317
2555,0.109634468565796
2556,1.00987479849449
2557,0.00888218336468422
2558,0.161301779234597
2559,0.821954485167657
2560,0.116699266586746
2561,0.609295117358083
2562,0.0502641685178162
2563,-0.0775899952613686
2564,-0.0102657001047455
2565,0.0514333306953627
2566,0.0429625860616284
2567,0.0307064360887365
2568,0.328784006569951
2569,0.0270088519614503
2570,0.0640271754115159
2571,0.112943963006068
2572,0.0565090529520998
2573,0.259766029654261
2574,0.00742739861750003
2575,0.0237034729634106
2576,0.740558969481005
2577,0.870495552423053
2578,0.471858028255769
2579,0.573078421620517
2580,0.0225082106003863
2581,0.0791173089923746
2582,0.0321912282845011
2583,0.159695965508523
2584,-0.0147636449448418
2585,0.860666062061841
2586,0.0319323866608637
2587,0.595291736304997
2588,0.0290196159824135
2589,0.049147647461841
2590,0.040028410183311
2591,0.00803091760712865
2592,0.158771555925275
2593,0.0350545144030882
2594,0.0115301669924486
2595,0.0308920578818616
2596,0.865840460139905
2597,1.07339580448922
2598,0.0899116696352457
2599,-0.00955959903734732
2600,0.059923635538555
2601,0.199716971261876
2602,0.629691591183807
2603,0.054263957713127
2604,0.0382846556882973
2605,0.921446488286345
2606,0.553254121965534
2607,0.681960971670648
2608,0.0331593879743012
2609,0.692258011941785
2610,0.0936577902319257
2611,0.0375509322934388
2612,0.0261317287091196
2613,0.902262991657127
2614,0.6307186863943
2615,0.112161258203405
2616,0.562720013478122
2617,0.0554268770746264
2618,0.177460666492332
2619,0.908457802778119
2620,0.983104725453067
2621,0.0176660516314849
2622,0.0426866721712389
2623,0.938355602327677
2624,0.814379047964257
2625,-0.120061170413778
2626,0.270402955053371
2627,0.000829123098850859
2628,0.992879402414439
2629,0.691692778455809
2630,0.0103037280688808
2631,0.25505227575642
2632,0.979301866992343
2633,0.0128705319185351
2634,0.0200494305899073
2635,0.326628145583594
2636,0.533589540421217
2637,0.511893297072529
2638,0.509946875806359
2639,-0.00577681570926986
2640,-0.0652865694012028
2641,1.03622423869836
2642,0.0535751912303373
2643,0.0444021811504968
2644,0.0515760902810043
2645,1.09603468904316
2646,0.136863931368566
2647,0.0800052617768309
2648,0.27319866848149
2649,1.2593832095037
2650,0.81603052201487
2651,0.0599077249085887
2652,0.317301783530735
2653,0.069133983564817
2654,0.0423591725547665
2655,0.153749891157735
2656,0.0241813310597495
2657,0.627438504374458
2658,0.694341270825254
2659,0.497519763608939
2660,0.820338909708166
2661,1.06776413476745
2662,0.0538815038307524
2663,0.360493979932821
2664,0.0530129515941613
2665,1.04856568676778
2666,0.619373936155486
2667,0.04019458760581
2668,0.092608786382405
2669,1.02026136823016
2670,0.0645307768598369
2671,0.0088127281339675
2672,0.0338518732815675
2673,0.0193142137479182
2674,1.02356637060304
2675,0.836667544911963
2676,0.697369660717447
2677,0.347215788212956
2678,0.0336804691294848
2679,0.0449341156249918
2680,0.817817093722625
2681,-0.0103976774297282
2682,-0.0540576271265549
2683,0.47832158048034
2684,-0.0580200661040616
2685,0.164968031784185
2686,0.950363144886816
2687,0.0469739320006473
2688,0.740306424101432
2689,0.256327414263614
2690,0.495789530272398
2691,-0.0331773469867923
2692,0.463941197866176
2693,-0.0164115302457738
2694,0.0527564678490459
2695,0.16517910072322
2696,-0.0103606242525359
2697,0.525087544358261
2698,0.043019538863668
2699,0.756293361538461
2700,0.00531178166856916
2701,-0.040183533326613
2702,-0.0184062985372854
2703,0.607049731470972
2704,0.157532665197386
2705,0.411587001283704
2706,0.0622090618860827
2707,0.0459637529795486
2708,0.00316073596438748
2709,-0.00443734134432133
2710,-0.00972846649264641
2711,0.604166315006592
2712,0.374930720394394
2713,0.0532044722459843
2714,0.0468165586298152
2715,0.0544341187954223
2716,0.04923036643588
2717,0.110823745159926
2718,0.78306945767891
2719,0.039031619691643
2720,1.0345101341387
2721,0.246011623672549
2722,0.014507136508114
2723,0.0251972956998943
2724,0.170542144666634
2725,1.02186674507388
2726,0.0307426006867573
2727,0.111718269459631
2728,0.0427792581858539
2729,0.250039324022674
2730,0.731858218012938
2731,0.0352969517955689
2732,0.996329868085917
2733,0.0393430769870127
2734,0.248210683631187
2735,1.07333165943343
2736,0.00127391321034653
2737,0.974179048597017
2738,0.318736403942276
2739,0.0409144937496413
2740,0.574439512865363
2741,-0.00657996870237054
2742,0.0309950301714305
2743,1.08410975546719
2744,0.38016418973274
2745,0.320637250388856
2746,0.076336804007183
2747,0.063009331864029
2748,0.0936792685831569
2749,1.0183072581021
2750,0.664501350767897
2751,0.921482047244191
2752,-0.022720144959803
2753,0.051550849416549
2754,0.0268826187088944
2755,0.551788804959863
2756,0.0467620103586149
2757,0.0920014762987355
2758,0.19318736424892
2759,0.108563766674105
2760,-0.0171739250942175
2761,0.449622536688854
2762,0.0436035762386284
2763,0.0454051397914195
2764,0.263584200419435
2765,0.0191248983282578
2766,0.0340824166638079
2767,0.00104651011821794
2768,0.0478394327466461
2769,0.132989677602793
2770,0.0417582510351663
2771,-0.0901457237833233
2772,0.0161496120886988
2773,1.01121391633751
2774,0.0123975335829085
2775,0.0213215073651069
2776,0.0289215534546378
2777,0.00751252401020819
2778,0.930968551438828
2779,0.518085084130714
2780,-0.113009966493411
2781,0.615996412301093
2782,0.0339065887338839
2783,0.0474498148495166
2784,-0.153210596917769
2785,0.0258760382139702
2786,1.05021413016776
2787,0.473704271357974
2788,0.283137319806054
2789,0.854416501342431
2790,0.0492198575560746
2791,0.512851469822643
2792,0.570753391655579
2793,0.00995245719190241
2794,0.0442249626731068
2795,0.907643535476187
2796,0.0511228652881082
2797,0.50100029121873
2798,0.0859834311461421
2799,-0.000438082822336705
2800,0.0222535414631743
2801,0.140211544174889
2802,0.141852094435514
2803,0.985445690922767
2804,0.0265702523931587
2805,0.0277877751141358
2806,-0.00784244274055973
2807,0.0360713258600699
2808,1.02695871991411
2809,0.336011258208194
2810,0.0495310580865398
2811,0.0355368656349012
2812,0.344013950181666
2813,0.0536990426761132
2814,0.0757260981915333
2815,0.0415164462998254
2816,0.0393906746127458
2817,0.0177942705230054
2818,0.0361351318941647
2819,0.038682742092514
2820,0.0432776512260988
2821,0.131463229970131
2822,0.82015392399456
2823,0.0125587653136798
2824,0.475856183443984
2825,0.427290982350048
2826,0.0830713323150725
2827,-0.000682710633578998
2828,0.065737601833516
2829,0.0520765092844462
2830,0.0241083991060501
2831,0.841285519083648
2832,0.0295488280880719
2833,1.00860053925407
2834,0.0702664034712298
2835,0.98610802249469
2836,0.983083473303875
2837,0.582247209337525
2838,1.34142050184097
2839,0.0173910490386073
2840,-0.00775277975745231
2841,0.166590171202455
2842,0.0233895478501526
2843,-0.0462614272978428
2844,0.92082743808466
2845,0.0394755579438011
2846,0.0276874247064672
2847,0.0442378128850209
2848,0.0159778049253697
2849,0.0318641339527485
2850,0.161838549326288
2851,0.0538065878229706
2852,0.885860228469041
2853,0.124954644135054
2854,0.0609539698587077
2855,0.0303391654956672
2856,1.03520658864155
2857,0.567516943000469
2858,-0.0315172438652496
2859,0.000698678851842549
2860,0.713258421118877
2861,0.059567039690263
2862,0.0531762959587007
2863,0.0309668686157551
2864,0.0175842550190793
2865,0.979290091434837
2866,0.888112311800578
2867,-0.0404377910950528
2868,0.508617119119738
2869,0.772118433133474
2870,0.0474498148495166
2871,0.0446698560877723
2872,0.142441396842167
2873,0.0637517307925501
2874,0.222725485531952
2875,-0.121577845484133
2876,-0.00715928977005598
2877,0.0372325462549845
2878,0.0105678917957273
2879,0.00976648459190571
2880,0.00737412383989922
2881,0.706474448263717
2882,0.116888909965784
2883,-0.0260847246832422
2884,0.026089387078078
2885,0.038542944941611
2886,-0.000215488599968727
2887,0.230519651015459
2888,0.0568690245535692
2889,0.00470024834828048
2890,0.0349773374164692
2891,0.0330685670554252
2892,0.579627847499316
2893,0.0432900977379035
2894,-0.0437530114618674
2895,0.863449803594494
2896,0.00574858919473376
2897,0.0348449633918832
2898,0.0539379155677657
2899,0.0332704696380285
2900,0.0329125292933297
2901,0.644333540191082
2902,0.909515890422357
2903,0.435976103466595
2904,0.00579798063775999
2905,0.0405906137248078
2906,0.902279252450442
2907,0.0314060229239395
2908,0.02063296639776
2909,0.0261949021092341
2910,0.728551722869661
2911,0.000240174632458456
2912,0.75086741901947
2913,0.639999534991072
2914,0.197169944728097
2915,0.0349741972648036
2916,0.0110882742325076
2917,0.0417802722879217
2918,0.267769989588668
2919,0.934115567222856
2920,0.0391883661807013
2921,0.495586305642671
2922,0.0351927336214254
2923,0.144483701490039
2924,-0.0911641897472331
2925,0.959667979772067
2926,0.0773677365417507
2927,0.0890508564525497
2928,0.227845953774758
2929,0.0258916651915679
2930,0.0196877508619182
2931,-0.0239648460452723
2932,-0.0177251831720244
2933,0.0712972363162935
2934,0.0285693818065605
2935,0.103836056331303
2936,0.00257848142598377
2937,0.904727372016374
2938,0.0232799180467477
2939,0.866305880614037
2940,0.0179121889251097
2941,0.0954364786475737
2942,0.281553357370686
2943,0.0645836182957442
2944,0.960868094772349
2945,0.0377442502766102
2946,0.0201628522475077
2947,0.0480871939629538
2948,0.0178119027320019
2949,0.0434082956788549
2950,0.0997687233756093
2951,0.0567377715263412
2952,-0.0562778044064245
2953,0.0349228585451319
2954,0.00891515146686911
2955,0.0495414374929569
2956,0.026159807247066
2957,1.18935841474327
2958,1.14918156382761
2959,0.0284128660541539
2960,0.582657853134242
2961,0.236135700367646
2962,0.0599362289337754
2963,0.0108811885188675
2964,0.999262331665318
2965,0.0261507473584948
2966,0.996424702917569
2967,0.116631621089308
2968,0.0481716051844627
2969,0.978816786369907
2970,-0.0317774902989352
2971,0.719209866403431
2972,0.950828390429404
2973,1.06127044967638
2974,0.0293653972635152
2975,0.0695783054022834
2976,0.441973376240859
2977,0.0450115223615137
2978,1.10411608152228
2979,1.07179260042304
2980,0.0345796149633881
2981,0.0622374132919657
2982,0.0143753138407057
2983,-0.0283408893103918
2984,0.0570166614451107
2985,0.0616472856093282
2986,-0.0388551685047399
2987,0.719466492276797
2988,0.252457617430631
2989,-0.0171554237149703
2990,0.0421479554911124
2991,0.107382666220001
2992,0.463731916164837
2993,0.0771471880997703
2994,-0.0153529627281338
2995,0.77243545790276
2996,0.0108658869237541
2997,-0.0277286053434806
2998,0.0116524125721781
2999,0.0413966443335424
3000,0.927024032931616
3001,0.0809367614303856
3002,0.0459657290294628
3003,0.0298139055764202
3004,0.440282613569754
3005,0.0183864171280991
3006,-0.127726988949998
3007,0.987101106399897
3008,0.0114701386025743
3009,0.542925730438039
3010,0.0379583605836307
3011,0.73291917584704
3012,0.190880480601359
3013,0.0304196711435778
3014,-0.0165420846105628
3015,0.812656239790636
3016,0.954770516496714
3017,0.0422910848955713
3018,1.0348953200161
3019,0.036179442841515
3020,0.861063597665933
3021,0.232589665976227
3022,1.02155056521008
3023,0.11050754870056
3024,0.027394084013704
3025,0.858051581107729
3026,0.0373178080270231
3027,0.499262108581355
3028,0.0375235414752777
3029,0.709209835656538
3030,-0.0352865876667747
3031,0.124018505481096
3032,0.872716938311417
3033,0.0364473097224047
3034,0.0401249815253945
3035,0.040397013002851
3036,0.651068419285877
3037,0.639642939991528
3038,1.00538000824066
3039,0.208783383662442
3040,0.0369190071755895
3041,0.218739090512585
3042,0.154683568115547
3043,0.922766615032177
3044,0.0380619836429306
3045,0.0127325725753449
3046,0.752711452678891
3047,0.0463227779634829
3048,-0.0687608937531349
3049,0.278418531213367
3050,0.60670608880896
3051,0.711782124358637
3052,0.0566571611793441
3053,0.152495043026184
3054,-0.00432623977569135
3055,0.0319858796623991
3056,0.47845743758329
3057,0.0466061403910669
3058,0.0265482039824567
3059,0.12686900947506
3060,0.887173005034732
3061,0.0873024650035231
3062,0.0673590457477061
3063,0.890437668970487
3064,0.0416453140636573
3065,0.0560584156486005
3066,0.676151381792096
3067,0.155181003017783
3068,0.0466468840145507
3069,0.00730146292377643
3070,0.130332731369598
3071,0.0429284199454091
3072,-0.015065866793965
3073,0.0904063344857268
3074,0.90837137667853
3075,0.760749497789139
3076,0.0260589620240537
3077,1.02116237151854
3078,0.0404469169973479
3079,0.942007253520433
3080,0.0280878153100989
3081,0.0726612219397459
3082,-0.069912835626232
3083,0.0201445185319227
3084,0.0599018795460573
3085,0.412905364229015
3086,0.0192830808173063
3087,-0.0378857948605678
3088,0.0212841383845343
3089,0.0314431925344548
3090,0.0789749509943565
3091,0.132441289245662
3092,-0.0336049041306666
3093,0.204029376378209
3094,-0.05123784137721
3095,1.1067674582741
3096,0.0401656345695182
3097,1.04914422569881
3098,0.111929110762
3099,0.402459988008397
3100,-0.0236035650387989
3101,0.0324635860232594
3102,0.997829161378336
3103,0.0341587225987949
3104,0.268345125688808
3105,0.778033786252625
3106,0.0443137537258937
3107,0.0281935462127292
3108,0.042197708718125
3109,0.0101859181661734
3110,0.0323863088949927
3111,0.0385374524676788
3112,0.994651986784384
3113,0.0433229111967618
3114,0.0338314708942313
3115,0.0662809829273505
3116,0.662948680162878
3117,0.927541539076105
3118,0.0722761310125459
3119,0.0520138908634573
3120,0.0483292441435773
3121,0.0333749336375642
3122,-0.0124202569896311
3123,0.0394819735010211
3124,0.00430305426495087
3125,0.0750836930211881
3126,0.833511924294548
3127,-0.177705061817505
3128,0.785375531163518
3129,0.0333688999271571
3130,-0.0244860684240716
3131,-0.0176657575976437
3132,0.0500504172491858
3133,0.0267246490960478
3134,0.0767575651094401
3135,0.0535795453411081
3136,0.0173039379168254
3137,1.01071813608857
3138,0.0774390172593818
3139,0.0182224164386802
3140,0.0445009099895546
3141,1.04782551721285
3142,0.185790000132974
3143,0.0152212959387302
3144,0.459861060318215
3145,0.015886667131055
3146,1.02020782687507
3147,0.93542787880973
3148,0.0368943823565813
3149,0.247738408060006
3150,0.394562565046238
3151,0.0504055282464134
3152,0.000153690915308591
3153,0.187396463978258
3154,0.899546994925761
3155,0.0277098864144443
3156,0.360381633292692
3157,-0.0540641000108842
3158,0.6384411856494
3159,1.02475721815932
3160,0.0336772214779552
3161,0.529254645378277
3162,0.905552240700242
3163,0.0615501773008944
3164,0.429124783337909
3165,0.262535794369366
3166,-0.00836726528427301
3167,0.0338394039412206
3168,0.768093545678095
3169,0.163862565805629
3170,0.047163278237145
3171,0.0436412163390008
3172,0.115673341861297
3173,0.0377768892597354
3174,0.0195331042888175
3175,1.09154032407734
3176,0.375135702974885
3177,0.984052340079871
3178,-0.0265403421536592
3179,0.584005574949678
3180,-0.0102118165715773
3181,0.891385561609617
3182,0.9984629891744
3183,-0.0592630520773409
3184,0.0429124369082043
3185,0.0340995771677607
3186,0.789445141726132
3187,0.100265354377072
3188,0.165860335655322
3189,0.417060801864343
3190,-0.00998286530094505
3191,0.086027041924286
3192,0.0342714562629065
3193,0.846883809312366
3194,-0.0128332247767695
3195,0.135471084210163
3196,0.683129750400407
3197,0.00555407029889793
3198,0.269200578680327
3199,1.06739816683581
3200,0.0170930246115864
3201,0.1692103251091
3202,0.977315326860562
3203,0.567314317644459
3204,0.0481722926159793
3205,0.108478536012911
3206,0.293927097200509
3207,0.326422553567094
3208,-0.0148926003298431
3209,0.0278873970793314
3210,0.41675771864351
3211,0.0217635755922464
3212,0.0343643712999377
3213,0.135466886304381
3214,0.88275752998306
3215,0.032534681442228
3216,0.88698001897823
3217,0.0527680295832344
3218,0.0630742820854719
3219,0.188744805573329
3220,0.0426321764603971
3221,1.03435891416132
3222,0.953541095538027
3223,0.981470500425492
3224,0.0393488141788184
3225,0.0116201453024068
3226,0.803999783163758
3227,0.918934021889777
3228,0.0262543608237635
3229,0.109533488628562
3230,0.0412712769913959
3231,-0.000667216126362058
3232,0.0887472782797027
3233,0.09578056404719
3234,0.010712763538556
3235,0.0132634773687945
3236,0.913550187030312
3237,0.0502952574575509
3238,-0.0226695968626986
3239,0.746415266254348
3240,0.0249280595015078
3241,0.0130909732850168
3242,1.01889213028297
3243,0.037747557675506
3244,0.393878507762743
3245,0.105600771992019
3246,0.0086859054709521
3247,-0.000720763232989863
3248,0.104399243890476
3249,0.0302149076184678
3250,0.207283828356504
3251,0.0190897073771268
3252,0.879266441484633
3253,0.79582493517459
3254,-0.0584429860873485
3255,0.0526097968946508
3256,0.097202950448051
3257,0.738841583102725
3258,0.0474309357259378
3259,0.0859408922087058
3260,-0.00492008420281237
3261,0.00957523692991924
3262,-0.000617356432881411
3263,0.23362137042768
3264,0.00776738716756759
3265,0.503361602667246
3266,0.176503374586471
3267,0.0415568693860399
3268,0.575637340145546
3269,0.0718643476515549
3270,0.779021905615675
3271,-0.0210789965833178
3272,0.00401471648660301
3273,0.0462514023066364
3274,0.0547564767862332
3275,0.043089842383419
3276,0.0176362155008442
3277,0.0106154023536722
3278,0.603801106362107
3279,0.0240934716571638
3280,0.886794732940047
3281,0.373017964611589
3282,1.04643456586883
3283,0.173832667359742
3284,0.883667811811292
3285,0.0249905481604319
3286,0.0597388825576737
3287,0.447686229515075
3288,0.0152286942949851
3289,0.0309944383674601
3290,-0.0376435869810688
3291,0.117201686267356
3292,0.597015724311238
3293,-0.00037160173756462
3294,0.00786945337827499
3295,0.501362134823322
3296,0.0632766286742726
3297,0.977396033290185
3298,0.0149987597443745
3299,0.792144384690731
3300,0.040540749641841
3301,0.964157294166775
3302,-0.202621803475741
3303,0.02715756598852
3304,0.0208312614890369
3305,-0.0235619382330491
3306,0.972706919358318
3307,0.0284949226238244
3308,0.312423805250618
3309,0.0226561367079313
3310,0.0401355752334037
3311,0.23167511879917
3312,0.0217945947272404
3313,0.174898958828044
3314,0.0304887554081238
3315,0.212982919310542
3316,-0.00102176902790724
3317,0.0310084628359938
3318,0.0757422138027165
3319,0.0186276648913049
3320,0.147268743947928
3321,0.0290959879923416
3322,0.113432921939352
3323,0.0377441876069711
3324,1.06110295765285
3325,0.369333973985213
3326,0.0516613227543876
3327,0.208270704211452
3328,0.0283327233383041
3329,1.01021494501192
3330,1.01433777046834
3331,0.0149190861308524
3332,0.778460770419186
3333,0.181405790981527
3334,0.276913732193506
3335,0.485326930658833
3336,0.0468122620543329
3337,0.00760040108089927
3338,0.314243824393845
3339,-0.00598810011287843
3340,0.124098017687978
3341,-0.077971251145022
3342,0.0291509477973249
3343,0.985181703749121
3344,0.0745457122339108
3345,0.0393319255086506
3346,0.218604709358063
3347,0.506593458276364
3348,0.040828891993573
3349,0.90152212914231
3350,0.0511266148125732
3351,0.0375682737683644
3352,0.729295935497286
3353,0.0480331158343329
3354,0.0476503954006057
3355,0.739526503638113
3356,0.027546457168791
3357,1.12814107713933
3358,0.321431705656915
3359,0.0307881879701272
3360,0.0356727326128526
3361,0.49359804552795
3362,-0.0145738393607709
3363,-0.0406503989556629
3364,0.0424248474678375
3365,0.0289077590699485
3366,0.988805832850367
3367,0.131786596298704
3368,0.196436312111517
3369,0.0216742107267452
3370,0.0488337352371917
3371,1.00481577237754
3372,0.111307932139602
3373,0.0856978091855126
3374,0.0440697448482904
3375,0.58483278890122
3376,-0.0445724364415276
3377,0.0404899028624969
3378,0.0719874786598325
3379,0.0226216153015018
3380,0.0661248897028321
3381,0.177415369803102
3382,0.0295963806076543
3383,0.571392533574836
3384,0.512840363775488
3385,0.0573641447670977
3386,0.0824548662653818
3387,0.127685067519055
3388,0.0470101682361315
3389,0.0746312804660215
3390,1.02192096694284
3391,0.0497385691302876
3392,0.0275035289653616
3393,0.578834435259674
3394,0.0122372125379377
3395,0.0402492768749861
3396,0.509364599951217
3397,0.030167179426792
3398,0.0406999098987843
3399,0.130947561489692
3400,0.986937529644224
3401,-0.0161855785351156
3402,0.285297131980494
3403,0.397459290707132
3404,0.0285922395495375
3405,1.01599241972027
3406,0.0248569658529936
3407,0.024220420997819
3408,0.974093471167314
3409,0.00388300368025946
3410,-0.0132555169330258
3411,0.0293686360125319
3412,0.0814619717509032
3413,0.19650492141775
3414,0.97602828149171
3415,-0.0317951474155037
3416,0.665442986898033
3417,0.989705442369916
3418,0.737069843025651
3419,0.10196282263296
3420,0.745219842620156
3421,0.969645696376133
3422,1.00660927423048
3423,0.454640120775915
3424,1.06094402042372
3425,0.613657629504554
3426,0.0246745577701727
3427,0.0168794172525074
3428,0.655702399082702
3429,0.830880349300227
3430,0.205910032189171
3431,0.41673595285283
3432,0.469434878494978
3433,0.0841193556869214
3434,0.456749097641393
3435,0.0198340113519011
3436,0.251677822672668
3437,0.0375069196629763
3438,0.0122497142188145
3439,0.916710549397219
3440,0.0719462867408581
3441,0.0234132237520848
3442,0.8652540499292
3443,0.772688304050083
3444,0.569393666957387
3445,0.849855046408331
3446,0.0070038692037544
3447,0.944674941567441
3448,0.0440167168063669
3449,0.969777576985969
3450,1.04466254855301
3451,0.0463016757722538
3452,0.0824055373349026
3453,0.040578341146409
3454,0.0529550797364223
3455,0.812547417450652
3456,0.181058466563765
3457,0.0194136512641117
3458,0.5171606430913
3459,0.0154545952409191
3460,0.0474498148495166
3461,0.00126981897672479
3462,0.0515607073009633
3463,0.141856817614531
3464,0.0671351516816318
3465,0.0208985103907331
3466,0.0291176105560349
3467,0.0500723672762071
3468,0.0474498148495166
3469,0.00557946415756611
3470,0.0884218669434378
3471,0.292888232748977
3472,0.403478864888822
3473,0.0439714791891815
3474,0.248681947687716
3475,0.0518121751377273
3476,0.970294107556655
3477,-0.00169750785145628
3478,0.025455988534249
3479,0.47414902260277
3480,0.038535683898842
3481,0.0248339158325219
3482,0.0388921983862824
3483,0.0896677340340921
3484,-0.000764738760706041
3485,0.574351585834892
3486,0.0400022745200182
3487,0.920048513528619
3488,0.751687400621452
3489,0.0704624970445772
3490,0.0687216099378325
3491,0.192819797871507
3492,0.0807806071624921
3493,0.0323142349588103
3494,0.186436858410723
3495,0.618864328559945
3496,0.0406311922507529
3497,1.05896180526951
3498,-0.024365375979831
3499,0.207738924905632
3500,0.073983722305006
3501,0.0494271116202002
3502,0.0948744260917767
3503,0.293122504045773
3504,0.0375613141348725
3505,0.211491182382201
3506,0.0365576571278158
3507,0.0321650472315561
3508,0.0784279139095529
3509,0.931967833163578
3510,0.582249655567776
3511,0.0394237556055128
3512,-0.0116968908095099
3513,-0.0454525325155219
3514,0.0833102185721072
3515,0.478514501916342
3516,1.0320459882271
3517,1.01553397984258
3518,0.0327916392985193
3519,1.0350088372656
3520,-0.02798557848043
3521,1.0263364592993
3522,0.070960416664219
3523,0.118802340457745
3524,0.176294883185688
3525,0.0350799709250067
3526,0.74964297952762
3527,0.0844279324293853
3528,-0.0420532982608594
3529,0.046934308565226
3530,1.02566809002789
3531,0.975805872499798
3532,0.885310680204712
3533,1.06122056281688
3534,0.000878356050014961
3535,0.036069816710287
3536,0.0223481570093272
3537,0.0758550670235678
3538,0.0772398198624616
3539,-0.0186998145564511
3540,0.633785599538564
3541,0.14792066000965
3542,-0.0789363952113889
3543,0.0482595398229032
3544,0.616928589779258
3545,0.682244276108193
3546,0.0370635450463964
3547,1.05539094176716
3548,-0.0399300100254729
3549,0.881432207243413
3550,0.0015015539448231
3551,0.442449482896649
3552,0.0141393981308903
3553,0.650375724471282
3554,1.11960967216261
3555,0.631708195792298
3556,0.231476031487059
3557,0.401393481196256
3558,0.027822950061906
3559,0.00824212463439644
3560,0.0749005009309802
3561,0.0362300692355728
3562,0.0414366075297822
3563,1.02060954147605
3564,0.0633595390272311
3565,0.21090861524005
3566,-0.00932562154873062
3567,-0.0368060791831205
3568,0.92447291375311
3569,0.00305111229321181
3570,0.0288857919311225
3571,0.0598463956511494
3572,0.0388652570979808
3573,0.0293374192741039
3574,0.0506238725615105
3575,-0.00471455675924537
3576,0.029843689147725
3577,-0.0446827575024463
3578,0.0458014417648837
3579,0.010801884644255
3580,0.0332634096288599
3581,0.0391614585344374
3582,-0.038853525413572
3583,0.0206139817822394
3584,-0.0353366330158597
3585,-0.0304817438213401
3586,0.0367557870583954
3587,0.876501850531513
3588,0.964658290205493
3589,0.0366149457806301
3590,0.0475577856002876
3591,0.198090090026813
3592,0.00121419262734396
3593,0.0734795772584592
3594,0.877366474178336
3595,0.0111940734905307
3596,0.0250963634565211
3597,0.998945314089885
3598,-0.0434704181922639
3599,0.16017509117059
3600,0.894429164899444
3601,0.050605026238997
3602,0.817650641837133
3603,0.0101236204480026
3604,0.0419875466255303
3605,0.0905152336667183
3606,0.0447918732374651
3607,0.0421662951061877
3608,0.0556361266934728
3609,0.351729670970218
3610,0.0474275722169556
3611,0.744443873811241
3612,0.0709430865116615
3613,0.111194434128454
3614,0.0977910432259975
3615,0.038030048653058
3616,0.0414595949119991
3617,0.000142096795391067
3618,-0.0484248858027319
3619,0.944640894801068
3620,0.0496293363493509
3621,0.0120114466546814
3622,0.0162337184338781
3623,0.0490043259572275
3624,0.101573500538326
3625,0.79534490508082
3626,-0.0262135276066227
3627,0.707634806730978
3628,-0.0155134889414895
3629,0.0731112324752632
3630,0.0552411190117508
3631,0.0294068453685528
3632,-0.0275048329903416
3633,0.719366394897047
3634,0.61140408420429
3635,0.049978368142425
3636,0.0391528303485663
3637,0.0539458148451445
3638,1.13837612462005
3639,-0.0671705829373154
3640,0.166588404098442
3641,0.0539365705220373
3642,0.044328694796206
3643,-0.0124976347980462
3644,0.0043546821618638
3645,0.0306844066405986
3646,0.0130885213783901
3647,0.0382317455494904
3648,0.229361480094306
3649,0.366822055993356
3650,0.99539248876413
3651,1.0447235784335
3652,0.0119544425843987
3653,-0.0158685884505652
3654,0.0462656155539473
3655,-0.0778092853868223
3656,0.857447294410615
3657,0.992185128962092
3658,0.0787537973048978
3659,-0.00324612196591934
3660,0.0531519158065688
3661,0.470014977076016
3662,0.871505611613783
3663,-0.0405309933302313
3664,0.0477998902870474
3665,0.182668319180016
3666,0.365127280544853
3667,-0.00161405348427607
3668,0.0264289267700346
3669,0.628956750546326
3670,0.0519641167113836
3671,0.0588146899771915
3672,0.00594942881062044
3673,0.00819215293861397
3674,0.0247230937456001
3675,0.0482608384112786
3676,0.0261716111988892
3677,0.0213175621876018
3678,1.09143351731917
3679,0.0430916389060689
3680,0.439494882909395
3681,0.013822691033164
3682,0.799619111498434
3683,0.150919028927629
3684,0.044492602368739
3685,0.132218528361867
3686,0.216079969362494
3687,0.149335842572734
3688,0.0305484928434478
3689,0.859503128283428
3690,0.0400681905848676
3691,0.894897237682713
3692,-0.047112679776426
3693,0.0128619934338248
3694,0.0227000133397705
3695,0.578970498062555
3696,0.0644522122944981
3697,0.421489422765751
3698,0.0378965363122076
3699,0.0218775299524339
3700,1.01393387875648
3701,0.609811948900842
3702,0.340425716017497
3703,0.0311895641444482
3704,-0.0104833758068996
3705,0.00998672206535284
3706,-0.0190940948582695
3707,0.145774067428587
3708,0.0468176537967092
3709,0.583995046647766
3710,0.392000680358541
3711,0.951761869400701
3712,0.0287855176992963
3713,1.06958496227866
3714,0.119475819808504
3715,0.0492606378267198
3716,0.050028631003502
3717,0.0471817589934383
3718,0.0158278508496568
3719,0.0964196031516457
3720,0.667069049624056
3721,-0.0142694305048666
3722,0.0446146023746545
3723,0.0593741570323353
3724,0.996935581497466
3725,0.0483294940230302
3726,0.773976952161211
3727,0.0477754835068603
3728,0.468552506294012
3729,0.0525779051843676
3730,0.0134175498562971
3731,0.0351229789260612
3732,0.031648321713165
3733,0.935388196007366
3734,0.99701340922068
3735,-0.0185434114243269
3736,0.377465498516157
3737,0.59945019827126
3738,0.0341656966073351
3739,0.0381179440513038
3740,0.029665487590424
3741,0.722602644113447
3742,0.982322643817777
3743,0.0647538467944737
3744,0.0737182344753458
3745,-0.0595460562023354
3746,0.458945541127851
3747,-0.0176377006614952
3748,0.0386925847784729
3749,1.06458729007472
3750,0.107415335475328
3751,0.637863410556258
3752,0.725947013583639
3753,0.328273197148835
3754,0.040050351645823
3755,0.590203522563699
3756,0.119762982349234
3757,0.127645206531619
3758,0.02116933107777
3759,0.0513804243797763
3760,0.0484055308079314
3761,0.0460155352889096
3762,0.752717383934054
3763,0.68424394123906
3764,0.0184855379644862
3765,1.0312905701971
3766,0.0871807292980327
3767,0.0600746426757537
3768,0.0456010554120959
3769,0.322719476382182
3770,0.00769952667848572
3771,0.0290325014830016
3772,0.0649541334155516
3773,0.031863457452575
3774,0.196562131688467
3775,0.477385737176005
3776,0.942666249535775
3777,0.0547074148973262
3778,0.0493600609716888
3779,0.180640939338536
3780,0.00711588003453539
3781,0.0566109811731833
3782,0.721441217529038
3783,0.0169650556927219
3784,0.601658351417537
3785,0.0361071936975745
3786,0.0501572724500708
3787,0.0280902319537115
3788,0.0460383631800276
3789,0.997273934774844
3790,0.0540444466681085
3791,1.08311644422458
3792,0.0180148890540089
3793,0.72647084784442
3794,0.0517998118201475
3795,1.04426582915774
3796,0.0331776238019675
3797,0.0277192508741185
3798,0.0448348740876461
3799,0.0482759578301657
3800,0.0676058182864959
3801,0.0232582082334836
3802,-0.053582903930159
3803,0.0408727423571673
3804,0.0280519611620546
3805,0.126271852140375
3806,0.165745104518591
3807,0.196602978152503
3808,0.695207336743858
3809,-0.0670954233660701
3810,0.0474498148495166
3811,0.0290136299883659
3812,0.714518362057143
3813,0.0218038347839475
3814,0.00263454458711182
3815,0.783769798119732
3816,0.398248280261528
3817,0.608637797948389
3818,0.0113681824908484
3819,0.0448372210770859
3820,0.0491470285206954
3821,-0.015934247582767
3822,0.151906602896375
3823,0.0339799167397781
3824,0.918580042747106
3825,0.0946787160622793
3826,0.0393568601784859
3827,0.0307793445934728
3828,0.294906573141008
3829,0.0156530735930863
3830,0.00358373945285317
3831,0.0314643835557441
3832,0.474571291891772
3833,1.06409483060082
3834,0.00806084528295892
3835,0.0321383459948272
3836,0.367544068163816
3837,0.117928652385664
3838,0.505973236133494
3839,0.868641882520854
3840,0.85834597796738
3841,1.01082519319867
3842,0.980822924882457
3843,0.1001458464999
3844,0.0373739929974884
3845,1.01772487264979
3846,1.02413005400744
3847,0.919337426523036
3848,1.05317935762676
3849,0.0335332643518729
3850,0.0333546118610792
3851,0.10011210896796
3852,0.0341497807972593
3853,-0.0120395415708551
3854,0.0173871602310502
3855,0.456124583380282
3856,0.960087593542153
3857,1.00972671282461
3858,0.645913153649307
3859,0.972477882394311
3860,0.393021325152015
3861,0.111629400283033
3862,0.0481096312388488
3863,0.0375809666641153
3864,0.1224443479803
3865,0.0710756832599748
3866,0.0346516996891381
3867,0.781218699884916
3868,0.0424711140134512
3869,0.105513486895806
3870,0.041090275314821
3871,0.0244216161759363
3872,0.00863358282344229
3873,0.993659961486648
3874,0.343756558460685
3875,0.156871443955426
3876,0.934697961278985
3877,0.514990529839226
3878,0.861330396296828
3879,0.0454055371648423
3880,0.0294350997629803
3881,1.00282785376018
3882,0.00926645036271279
3883,0.399455745974371
3884,0.098704962083895
3885,0.63988981325314
3886,0.964119745553021
3887,0.358480801406175
3888,0.153302338072561
3889,0.377230997345506
3890,-0.00955886322974348
3891,0.0401258417377088
3892,0.47620161168292
3893,0.0350105671992433
3894,0.00966516234583614
3895,0.0333318243137107
3896,0.875313087489258
3897,0.039240169064069
3898,0.600597558243394
3899,1.04086300351314
3900,0.765141609422339
3901,0.0300878945385285
3902,0.103296083663118
3903,0.0465117482868015
3904,0.509717645794817
3905,-0.008613532073738
3906,0.880112827284455
3907,0.60429833471726
3908,0.283775467436205
3909,0.0539166858773024
3910,0.0274713660819247
3911,0.0511847359113551
3912,0.0335983854003932
3913,0.0517714930631011
3914,-0.0322379442530525
3915,0.278393763845142
3916,0.62243950778985
3917,-0.00367967118776807
3918,0.0498486165268718
3919,0.157463541805415
